"Species","Rank","Delta_wAIC","Covariate","Mean_Beta","SD","CI_95_Lower","CI_95_Upper","Effect_Direction","Inclusion"
"Banteng",1,0,"dist_str",-1.407,0.598,-2.666,-0.31,"Negative (-)","Active in Model (w = 1.0)"
"Banteng",1,0,"ndvi_cv",1.225,0.438,0.413,2.14,"Positive (+)","Active in Model (w = 1.0)"
"Banteng",1,0,"slope",-0.251,0.432,-1.215,0.511,"Overlap 0","Active in Model (w = 1.0)"
"Banteng",1,0,"BB",-0.979,0.817,-2.899,0.222,"Overlap 0","Active in Model (w = 1.0)"
"Banteng",2,1.11,"dist_str",-1.189,0.639,-2.529,-0.018,"Negative (-)","Active in Model (w = 1.0)"
"Banteng",2,1.11,"ndvi_cv",1.319,0.477,0.387,2.265,"Positive (+)","Active in Model (w = 1.0)"
"Banteng",2,1.11,"elev",-0.239,0.638,-1.498,1.024,"Overlap 0","Active in Model (w = 1.0)"
"Banteng",2,1.11,"BB",-1.032,0.793,-2.904,0.155,"Overlap 0","Active in Model (w = 1.0)"
"Banteng",2,1.11,"DE",0.095,0.632,-1.271,1.199,"Overlap 0","Active in Model (w = 1.0)"
"Banteng",3,1.32,"dist_str",-1.386,0.651,-2.7,-0.165,"Negative (-)","Active in Model (w = 1.0)"
"Banteng",3,1.32,"ndvi_cv",1.211,0.459,0.332,2.124,"Positive (+)","Active in Model (w = 1.0)"
"Banteng",3,1.32,"elev",-0.089,0.534,-1.138,0.946,"Overlap 0","Active in Model (w = 1.0)"
"Banteng",3,1.32,"slope",-0.252,0.443,-1.227,0.512,"Overlap 0","Active in Model (w = 1.0)"
"Banteng",3,1.32,"BB",-0.994,0.813,-2.869,0.225,"Overlap 0","Active in Model (w = 1.0)"
"Banteng",4,1.43,"dist_str",-1.278,0.636,-2.589,-0.077,"Negative (-)","Active in Model (w = 1.0)"
"Banteng",4,1.43,"ndvi_cv",1.248,0.478,0.316,2.195,"Positive (+)","Active in Model (w = 1.0)"
"Banteng",4,1.43,"elev",-0.13,0.517,-1.158,0.865,"Overlap 0","Active in Model (w = 1.0)"
"Banteng",4,1.43,"BB",-1.056,0.8,-2.932,0.132,"Overlap 0","Active in Model (w = 1.0)"
"Banteng",4,1.43,"DD",-0.251,0.426,-1.287,0.372,"Overlap 0","Active in Model (w = 1.0)"
"Gaur",1,0,"ndvi_cv",1.07,0.503,0.101,2.06,"Positive (+)","Active in Model (w = 1.0)"
"Gaur",1,0,"elev",-0.39,0.525,-1.415,0.645,"Overlap 0","Active in Model (w = 1.0)"
"Gaur",1,0,"DE",1.051,0.406,0.227,1.853,"Positive (+)","Active in Model (w = 1.0)"
"Gaur",2,1.6,"ndvi_cv",1.033,0.476,0.14,2.006,"Positive (+)","Active in Model (w = 1.0)"
"Gaur",2,1.6,"elev",-0.443,0.515,-1.451,0.562,"Overlap 0","Active in Model (w = 1.0)"
"Gaur",2,1.6,"BB",-1.266,0.866,-3.246,0.036,"Overlap 0","Active in Model (w = 1.0)"
"Gaur",2,1.6,"DE",1.039,0.399,0.237,1.819,"Positive (+)","Active in Model (w = 1.0)"
"Muntjac",1,0,"elev",-0.181,0.105,-0.386,0.023,"Overlap 0","Active in Model (w = 1.0)"
"Muntjac",1,0,"slope",-0.432,0.116,-0.661,-0.204,"Negative (-)","Active in Model (w = 1.0)"
"Muntjac",2,0.23,"slope",-0.495,0.111,-0.716,-0.28,"Negative (-)","Active in Model (w = 1.0)"
"Muntjac",3,0.5,"dist_str",0.188,0.116,-0.047,0.413,"Overlap 0","Active in Model (w = 1.0)"
"Muntjac",3,0.5,"elev",-0.294,0.126,-0.539,-0.049,"Negative (-)","Active in Model (w = 1.0)"
"Muntjac",3,0.5,"slope",-0.413,0.115,-0.644,-0.195,"Negative (-)","Active in Model (w = 1.0)"
"Muntjac",4,0.82,"dist_str",0.308,0.135,0.042,0.567,"Positive (+)","Active in Model (w = 1.0)"
"Muntjac",4,0.82,"elev",-0.454,0.158,-0.753,-0.136,"Negative (-)","Active in Model (w = 1.0)"
"Muntjac",4,0.82,"slope",-0.357,0.121,-0.605,-0.126,"Negative (-)","Active in Model (w = 1.0)"
"Muntjac",4,0.82,"BB",-1.584,1.063,-3.784,0.193,"Overlap 0","Active in Model (w = 1.0)"
"Muntjac",5,0.94,"slope",-0.432,0.116,-0.669,-0.218,"Negative (-)","Active in Model (w = 1.0)"
"Muntjac",5,0.94,"DE",-0.186,0.117,-0.427,0.028,"Overlap 0","Active in Model (w = 1.0)"
"Muntjac",6,1.67,"ndvi_cv",0.096,0.083,-0.066,0.261,"Overlap 0","Active in Model (w = 1.0)"
"Muntjac",6,1.67,"slope",-0.496,0.113,-0.722,-0.28,"Negative (-)","Active in Model (w = 1.0)"
"Muntjac",7,1.78,"slope",-0.392,0.139,-0.664,-0.119,"Negative (-)","Active in Model (w = 1.0)"
"Muntjac",7,1.78,"DE",-0.197,0.142,-0.493,0.052,"Overlap 0","Active in Model (w = 1.0)"
"Sambar deer",1,0,"dist_str",-0.069,0.33,-0.709,0.584,"Overlap 0","Active in Model (w = 1.0)"
"Sambar deer",1,0,"ndvi_cv",-1.239,0.332,-1.905,-0.594,"Negative (-)","Active in Model (w = 1.0)"
"Sambar deer",1,0,"elev",-2.238,0.402,-3.041,-1.469,"Negative (-)","Active in Model (w = 1.0)"
"Sambar deer",1,0,"BB",-1.547,0.926,-3.577,0.002,"Overlap 0","Active in Model (w = 1.0)"
"Sambar deer",1,0,"DD",-0.585,0.574,-1.995,0.237,"Overlap 0","Active in Model (w = 1.0)"
"Sambar deer",2,0.95,"ndvi_cv",-1.322,0.307,-1.942,-0.745,"Negative (-)","Active in Model (w = 1.0)"
"Sambar deer",2,0.95,"elev",-2.334,0.334,-2.995,-1.675,"Negative (-)","Active in Model (w = 1.0)"
"Sambar deer",2,0.95,"BB",-1.622,0.916,-3.586,-0.091,"Negative (-)","Active in Model (w = 1.0)"
"Sambar deer",3,1.5,"ndvi_cv",-1.245,0.312,-1.876,-0.638,"Negative (-)","Active in Model (w = 1.0)"
"Sambar deer",3,1.5,"elev",-2.238,0.331,-2.884,-1.601,"Negative (-)","Active in Model (w = 1.0)"
"Sambar deer",3,1.5,"BB",-1.649,0.958,-3.761,-0.079,"Negative (-)","Active in Model (w = 1.0)"
"Sambar deer",3,1.5,"DD",-0.574,0.568,-1.974,0.232,"Overlap 0","Active in Model (w = 1.0)"
"Wild boar",1,0,"slope",0.477,0.249,-0.02,0.959,"Overlap 0","Active in Model (w = 1.0)"
"Wild boar",2,0.68,"slope",0.461,0.25,-0.035,0.941,"Overlap 0","Active in Model (w = 1.0)"
"Wild boar",2,0.68,"BB",-0.792,0.956,-3.065,0.448,"Overlap 0","Active in Model (w = 1.0)"
