"Species","Rank","Covariates","wAIC","Delta_wAIC","Weight","lppd","pWAIC","Type","CI_2.5","CI_5","CI_25","CI_50","CI_75","CI_95","CI_97.5","beta0_2.5.","beta0_5.","beta0_10.","beta0_25.","beta0_50.","beta0_75.","beta0_90.","beta0_95.","beta0_97.5.","dist_str_2.5.","dist_str_5.","dist_str_10.","dist_str_25.","dist_str_50.","dist_str_75.","dist_str_90.","dist_str_95.","dist_str_97.5.","ndvi_cv_2.5.","ndvi_cv_5.","ndvi_cv_10.","ndvi_cv_25.","ndvi_cv_50.","ndvi_cv_75.","ndvi_cv_90.","ndvi_cv_95.","ndvi_cv_97.5.","elev_2.5.","elev_5.","elev_10.","elev_25.","elev_50.","elev_75.","elev_90.","elev_95.","elev_97.5.","slope_2.5.","slope_5.","slope_10.","slope_25.","slope_50.","slope_75.","slope_90.","slope_95.","slope_97.5.","BB_2.5.","BB_5.","BB_10.","BB_25.","BB_50.","BB_75.","BB_90.","BB_95.","BB_97.5.","DD_2.5.","DD_5.","DD_10.","DD_25.","DD_50.","DD_75.","DD_90.","DD_95.","DD_97.5.","DE_2.5.","DE_5.","DE_10.","DE_25.","DE_50.","DE_75.","DE_90.","DE_95.","DE_97.5.","beta0_2.5..1","beta0_5..1","beta0_10..1","beta0_25..1","beta0_50..1","beta0_75..1","beta0_90..1","beta0_95..1","beta0_97.5..1","slope_2.5..1","slope_5..1","slope_10..1","slope_25..1","slope_50..1","slope_75..1","slope_90..1","slope_95..1","slope_97.5..1","BB_2.5..1","BB_5..1","BB_10..1","BB_25..1","BB_50..1","BB_75..1","BB_90..1","BB_95..1","BB_97.5..1","elev_2.5..1","elev_5..1","elev_10..1","elev_25..1","elev_50..1","elev_75..1","elev_90..1","elev_95..1","elev_97.5..1","ndvi_cv_2.5..1","ndvi_cv_5..1","ndvi_cv_10..1","ndvi_cv_25..1","ndvi_cv_50..1","ndvi_cv_75..1","ndvi_cv_90..1","ndvi_cv_95..1","ndvi_cv_97.5..1","elev_2.5..2","elev_5..2","elev_10..2","elev_25..2","elev_50..2","elev_75..2","elev_90..2","elev_95..2","elev_97.5..2","slope_2.5..2","slope_5..2","slope_10..2","slope_25..2","slope_50..2","slope_75..2","slope_90..2","slope_95..2","slope_97.5..2","dist_str_2.5..1","dist_str_5..1","dist_str_10..1","dist_str_25..1","dist_str_50..1","dist_str_75..1","dist_str_90..1","dist_str_95..1","dist_str_97.5..1","BB_2.5..2","BB_5..2","BB_10..2","BB_25..2","BB_50..2","BB_75..2","BB_90..2","BB_95..2","BB_97.5..2","DE_2.5..1","DE_5..1","DE_10..1","DE_25..1","DE_50..1","DE_75..1","DE_90..1","DE_95..1","DE_97.5..1","ndvi_cv_2.5..2","ndvi_cv_5..2","ndvi_cv_10..2","ndvi_cv_25..2","ndvi_cv_50..2","ndvi_cv_75..2","ndvi_cv_90..2","ndvi_cv_95..2","ndvi_cv_97.5..2","Model_Weight"
"Banteng",1,"dist_str + ndvi_cv + slope + BB",269.46,0,0.342309469333608,-124.274718523357,10.4571176728808,"Spatial",1420.79866757515,1598.64462497802,2177.56253677686,2768.14138440369,3620.39147332393,6336.50660385942,8035.64153776047,-4.95208621103384,-4.73173662809999,-4.45436091418576,-4.05185995781251,-3.64466355768998,-3.29837705690698,-2.97105543631071,-2.80242429916062,-2.62918010548612,-2.62408002437593,-2.46529341337722,-2.25270037505287,-1.86773188632182,-1.4305382346521,-1.05017558293568,-0.706992427996534,-0.528606500371484,-0.372125297461194,0.323530244270343,0.45239155168873,0.643492035808841,0.907303987804787,1.16764777181352,1.44524110755281,1.70319955980175,1.87285601591879,2.02717424266994,NA,NA,NA,NA,NA,NA,NA,NA,NA,-1.09586649985192,-0.972923716808671,-0.783350737742767,-0.497449678321981,-0.223217811150076,0.0363430843607472,0.247292654513897,0.386123239774596,0.489799548043797,-2.99950043077832,-2.50729309815996,-2.0995708125883,-1.45576249386875,-0.83283075559253,-0.373327195864585,-0.0683547025752418,0.0902627601026566,0.233048294298119,NA,NA,NA,NA,NA,NA,NA,NA,NA,NA,NA,NA,NA,NA,NA,NA,NA,NA,NA,NA,NA,NA,NA,NA,NA,NA,NA,NA,NA,NA,NA,NA,NA,NA,NA,NA,NA,NA,NA,NA,NA,NA,NA,NA,NA,NA,NA,NA,NA,NA,NA,NA,NA,NA,NA,NA,NA,NA,NA,NA,NA,NA,NA,NA,NA,NA,NA,NA,NA,NA,NA,NA,NA,NA,NA,NA,NA,NA,NA,NA,NA,NA,NA,NA,NA,NA,NA,NA,NA,NA,NA,NA,NA,NA,NA,NA,NA,NA,NA,NA,NA,NA,NA,NA,NA,NA,NA,NA,NA,NA,NA,NA,NA,NA,NA,NA,NA,0.0733
"Banteng",2,"dist_str + ndvi_cv + elev + BB + DE",270.58,1.11,0.196346922579791,-124.416062662392,10.8716056350782,"Spatial",1451.37970162861,1631.7479818481,2342.87482075355,3008.77861066307,3994.69624553375,6873.21727282922,8670.64319458962,-4.82112633888902,-4.64520666142977,-4.42502855217576,-4.03758576353376,-3.63624969147205,-3.26714859576335,-2.93448100273261,-2.67491895853904,-2.52092634152438,-2.53667709440303,-2.29965399594926,-2.0338231527648,-1.60832065040073,-1.14893471946271,-0.750283343119686,-0.416469977968859,-0.225402173806754,-0.0760029945567542,0.434569608643157,0.561354903497639,0.724976892676915,0.985635900946072,1.26957812576706,1.56708687470207,1.81015269557221,1.96621172113453,2.08047246631314,-1.41513090201051,-1.17574934438738,-0.988712330003994,-0.635697893525518,-0.22618426360018,0.125043261567514,0.421957291994292,0.587649232746854,0.739796888673454,NA,NA,NA,NA,NA,NA,NA,NA,NA,-2.72561284106376,-2.36959119721941,-2.01903671488601,-1.40199122101297,-0.868099693150939,-0.410343422402961,-0.107384800851818,0.0481554834984525,0.175180580774,NA,NA,NA,NA,NA,NA,NA,NA,NA,-1.22739670814732,-0.954076721019523,-0.661953616628858,-0.261150127641859,0.135449163942775,0.503857401520538,0.869344066377645,1.08010062050877,1.2372142673619,NA,NA,NA,NA,NA,NA,NA,NA,NA,NA,NA,NA,NA,NA,NA,NA,NA,NA,NA,NA,NA,NA,NA,NA,NA,NA,NA,NA,NA,NA,NA,NA,NA,NA,NA,NA,NA,NA,NA,NA,NA,NA,NA,NA,NA,NA,NA,NA,NA,NA,NA,NA,NA,NA,NA,NA,NA,NA,NA,NA,NA,NA,NA,NA,NA,NA,NA,NA,NA,NA,NA,NA,NA,NA,NA,NA,NA,NA,NA,NA,NA,NA,NA,NA,NA,NA,NA,NA,NA,NA,NA,NA,NA,NA,NA,NA,NA,NA,NA,0.0421
"Banteng",3,"dist_str + ndvi_cv + elev + slope + BB",270.79,1.32,0.176533524202932,-124.428620934198,10.9654196738731,"Spatial",1384.73332650156,1531.04305650497,2129.19228707651,2770.57908094114,3767.0872058538,6450.21203902525,8085.15252054144,-5.00206907914966,-4.85802486431202,-4.63854018192183,-4.13886998083414,-3.62999183714912,-3.21453248766754,-2.88271140206996,-2.68054619400144,-2.54174499504532,-2.6553827087889,-2.44776798004777,-2.17690062011203,-1.75946736546473,-1.3235817312335,-0.933080305114073,-0.56510175382914,-0.389377143444734,-0.231720792008463,0.41652417335707,0.553460865769632,0.699589203574166,0.941435012496181,1.26083925786947,1.55865054444253,1.81005996675403,1.97926178243171,2.09002748166227,-1.04533309248833,-0.885224694011628,-0.677915515646242,-0.371443046304664,-0.00651987975509023,0.320290565130042,0.613507270321544,0.799937822276686,0.976502042747806,-1.20825814632588,-1.00474784864409,-0.770294344087763,-0.391064593492898,-0.0936379261562222,0.181755093322036,0.394402462811295,0.526764821844058,0.625134076649449,-2.8580109183732,-2.51357433806876,-2.07431033588544,-1.43126578098908,-0.844517256427256,-0.408780948192648,-0.133581719132957,0.0487590333857261,0.183482095627452,NA,NA,NA,NA,NA,NA,NA,NA,NA,NA,NA,NA,NA,NA,NA,NA,NA,NA,NA,NA,NA,NA,NA,NA,NA,NA,NA,NA,NA,NA,NA,NA,NA,NA,NA,NA,NA,NA,NA,NA,NA,NA,NA,NA,NA,NA,NA,NA,NA,NA,NA,NA,NA,NA,NA,NA,NA,NA,NA,NA,NA,NA,NA,NA,NA,NA,NA,NA,NA,NA,NA,NA,NA,NA,NA,NA,NA,NA,NA,NA,NA,NA,NA,NA,NA,NA,NA,NA,NA,NA,NA,NA,NA,NA,NA,NA,NA,NA,NA,NA,NA,NA,NA,NA,NA,NA,NA,NA,NA,NA,NA,NA,NA,NA,NA,NA,NA,0.0379
"Banteng",4,"dist_str + ndvi_cv + elev + BB + DD",270.89,1.43,0.167691216756365,-124.42865712788,11.0167699846362,"Spatial",1099.4521753854,1228.18145628537,1721.87993283159,2293.46974428074,3277.87113906794,6884.83679595643,8813.70961587129,-4.72220377067849,-4.52971173138394,-4.30209721084254,-3.96166944194495,-3.56758728900854,-3.13928818053299,-2.79663689301541,-2.53162705450332,-2.283901301929,-2.72544596971989,-2.53783423596808,-2.30856608501593,-1.87005263984478,-1.34327347847186,-0.89425409064412,-0.550743355289727,-0.368280568914981,-0.235183834438106,0.284552145747803,0.412544625157931,0.554500610683641,0.794142512082186,1.07673971152167,1.37372319239567,1.64825677603892,1.8010040932873,1.96412451432453,-0.973248015005677,-0.838024133188098,-0.67243097369628,-0.343952370865385,-0.00376315697899456,0.336876381183678,0.628545951066789,0.799409725826206,0.947007951393186,NA,NA,NA,NA,NA,NA,NA,NA,NA,-2.99680833641364,-2.66746247179895,-2.26633583179477,-1.56592348967959,-0.996969824726259,-0.536579652632352,-0.207128835023825,-0.0430613493883172,0.0955994139778584,-1.22971687257269,-1.03235755002245,-0.805959267945773,-0.43756015702391,-0.1172780796266,0.108470237600198,0.255312325995229,0.345751968181386,0.393780984664461,NA,NA,NA,NA,NA,NA,NA,NA,NA,NA,NA,NA,NA,NA,NA,NA,NA,NA,NA,NA,NA,NA,NA,NA,NA,NA,NA,NA,NA,NA,NA,NA,NA,NA,NA,NA,NA,NA,NA,NA,NA,NA,NA,NA,NA,NA,NA,NA,NA,NA,NA,NA,NA,NA,NA,NA,NA,NA,NA,NA,NA,NA,NA,NA,NA,NA,NA,NA,NA,NA,NA,NA,NA,NA,NA,NA,NA,NA,NA,NA,NA,NA,NA,NA,NA,NA,NA,NA,NA,NA,NA,NA,NA,NA,NA,NA,NA,NA,NA,NA,NA,NA,NA,NA,NA,NA,NA,NA,0.0359
"Banteng",5,"dist_str + ndvi_cv + elev + BB + DD + DE",271.61,2.15,0.117118867127304,-124.742998941747,11.061363086074,"Spatial",1293.58284822408,1431.65760068838,2089.43602069296,2906.2908866086,4632.65434391877,10981.1030372686,16089.5051729364,-5.05554986194469,-4.80710059410983,-4.57863542557001,-4.16632882108902,-3.74167341708729,-3.3847899387436,-3.02197805739034,-2.77227986474612,-2.62305179570603,-2.48152232932919,-2.27763888041051,-1.98040785686593,-1.62446565130489,-1.19731438406649,-0.791265665820903,-0.443693253208139,-0.226587513044702,-0.0353210420000374,0.693551451478106,0.793090265848823,0.920595397314157,1.17195220810516,1.45619652613033,1.73419633776097,1.99367757377788,2.13422483813109,2.2744137750445,-1.42204737649328,-1.27627154820185,-1.0460534360824,-0.625744156513125,-0.139547077448331,0.280648915134504,0.718453729827154,0.922831532944171,1.09511414532798,NA,NA,NA,NA,NA,NA,NA,NA,NA,-2.90425037162659,-2.50989515529654,-2.0705735538897,-1.47271410642745,-0.873606741814862,-0.421067626302057,-0.0935408706125006,0.0516895981932129,0.157468088813413,-1.18027485230736,-0.949533656146081,-0.745229411874024,-0.417743432854126,-0.149991549923413,0.057191627698931,0.209890498628561,0.295136842509138,0.368408943790983,-1.37431386071738,-1.16840236478455,-0.894731703175407,-0.437726917613773,0.0435065314347877,0.503604773146311,0.864504578912556,1.07109023773071,1.29034023408638,NA,NA,NA,NA,NA,NA,NA,NA,NA,NA,NA,NA,NA,NA,NA,NA,NA,NA,NA,NA,NA,NA,NA,NA,NA,NA,NA,NA,NA,NA,NA,NA,NA,NA,NA,NA,NA,NA,NA,NA,NA,NA,NA,NA,NA,NA,NA,NA,NA,NA,NA,NA,NA,NA,NA,NA,NA,NA,NA,NA,NA,NA,NA,NA,NA,NA,NA,NA,NA,NA,NA,NA,NA,NA,NA,NA,NA,NA,NA,NA,NA,NA,NA,NA,NA,NA,NA,NA,NA,NA,NA,NA,NA,NA,NA,NA,NA,NA,NA,0.025
"Banteng",6,"dist_str + ndvi_cv + elev + BB + DD + DE",361.82,92.35,3.02334342295313e-21,-169.516110562577,11.3916092038477,"NoSpatial",NA,NA,NA,NA,NA,NA,NA,NA,NA,NA,NA,NA,NA,NA,NA,NA,NA,NA,NA,NA,NA,NA,NA,NA,NA,NA,NA,NA,NA,NA,NA,NA,NA,NA,NA,NA,NA,NA,NA,NA,NA,NA,NA,NA,NA,NA,NA,NA,NA,NA,NA,NA,NA,NA,NA,NA,NA,NA,NA,NA,NA,NA,NA,NA,NA,NA,NA,NA,NA,NA,NA,NA,NA,NA,NA,NA,NA,NA,NA,NA,NA,NA,NA,NA,NA,NA,NA,NA,NA,NA,NA,NA,NA,NA,NA,NA,NA,NA,NA,NA,NA,NA,NA,NA,NA,NA,NA,NA,NA,NA,NA,NA,NA,NA,NA,NA,NA,NA,NA,NA,NA,NA,NA,NA,NA,NA,NA,NA,NA,NA,NA,NA,NA,NA,NA,NA,NA,NA,NA,NA,NA,NA,NA,NA,NA,NA,NA,NA,NA,NA,NA,NA,NA,NA,NA,NA,NA,NA,NA,NA,NA,NA,NA,NA,NA,NA,NA,NA,NA,NA,NA,NA,NA,NA,NA,NA,NA,NA,0
"Banteng",7,"dist_str + ndvi_cv + elev + BB + DE",362.79,93.33,1.8526788594134e-21,-171.650860495492,9.7465899598173,"NoSpatial",NA,NA,NA,NA,NA,NA,NA,NA,NA,NA,NA,NA,NA,NA,NA,NA,NA,NA,NA,NA,NA,NA,NA,NA,NA,NA,NA,NA,NA,NA,NA,NA,NA,NA,NA,NA,NA,NA,NA,NA,NA,NA,NA,NA,NA,NA,NA,NA,NA,NA,NA,NA,NA,NA,NA,NA,NA,NA,NA,NA,NA,NA,NA,NA,NA,NA,NA,NA,NA,NA,NA,NA,NA,NA,NA,NA,NA,NA,NA,NA,NA,NA,NA,NA,NA,NA,NA,NA,NA,NA,NA,NA,NA,NA,NA,NA,NA,NA,NA,NA,NA,NA,NA,NA,NA,NA,NA,NA,NA,NA,NA,NA,NA,NA,NA,NA,NA,NA,NA,NA,NA,NA,NA,NA,NA,NA,NA,NA,NA,NA,NA,NA,NA,NA,NA,NA,NA,NA,NA,NA,NA,NA,NA,NA,NA,NA,NA,NA,NA,NA,NA,NA,NA,NA,NA,NA,NA,NA,NA,NA,NA,NA,NA,NA,NA,NA,NA,NA,NA,NA,NA,NA,NA,NA,NA,NA,NA,NA,0
"Banteng",8,"dist_str + ndvi_cv + elev + BB + DD",363.87,94.4,1.0836471329409e-21,-171.121162054943,10.8125886972792,"NoSpatial",NA,NA,NA,NA,NA,NA,NA,NA,NA,NA,NA,NA,NA,NA,NA,NA,NA,NA,NA,NA,NA,NA,NA,NA,NA,NA,NA,NA,NA,NA,NA,NA,NA,NA,NA,NA,NA,NA,NA,NA,NA,NA,NA,NA,NA,NA,NA,NA,NA,NA,NA,NA,NA,NA,NA,NA,NA,NA,NA,NA,NA,NA,NA,NA,NA,NA,NA,NA,NA,NA,NA,NA,NA,NA,NA,NA,NA,NA,NA,NA,NA,NA,NA,NA,NA,NA,NA,NA,NA,NA,NA,NA,NA,NA,NA,NA,NA,NA,NA,NA,NA,NA,NA,NA,NA,NA,NA,NA,NA,NA,NA,NA,NA,NA,NA,NA,NA,NA,NA,NA,NA,NA,NA,NA,NA,NA,NA,NA,NA,NA,NA,NA,NA,NA,NA,NA,NA,NA,NA,NA,NA,NA,NA,NA,NA,NA,NA,NA,NA,NA,NA,NA,NA,NA,NA,NA,NA,NA,NA,NA,NA,NA,NA,NA,NA,NA,NA,NA,NA,NA,NA,NA,NA,NA,NA,NA,NA,NA,0
"Banteng",9,"dist_str + ndvi_cv + elev + slope + BB",364.07,94.61,9.7890817540885e-22,-170.595510587179,11.4398899270707,"NoSpatial",NA,NA,NA,NA,NA,NA,NA,NA,NA,NA,NA,NA,NA,NA,NA,NA,NA,NA,NA,NA,NA,NA,NA,NA,NA,NA,NA,NA,NA,NA,NA,NA,NA,NA,NA,NA,NA,NA,NA,NA,NA,NA,NA,NA,NA,NA,NA,NA,NA,NA,NA,NA,NA,NA,NA,NA,NA,NA,NA,NA,NA,NA,NA,NA,NA,NA,NA,NA,NA,NA,NA,NA,NA,NA,NA,NA,NA,NA,NA,NA,NA,NA,NA,NA,NA,NA,NA,NA,NA,NA,NA,NA,NA,NA,NA,NA,NA,NA,NA,NA,NA,NA,NA,NA,NA,NA,NA,NA,NA,NA,NA,NA,NA,NA,NA,NA,NA,NA,NA,NA,NA,NA,NA,NA,NA,NA,NA,NA,NA,NA,NA,NA,NA,NA,NA,NA,NA,NA,NA,NA,NA,NA,NA,NA,NA,NA,NA,NA,NA,NA,NA,NA,NA,NA,NA,NA,NA,NA,NA,NA,NA,NA,NA,NA,NA,NA,NA,NA,NA,NA,NA,NA,NA,NA,NA,NA,NA,NA,0
"Banteng",10,"dist_str + ndvi_cv + slope + BB",364.38,94.91,8.40460292233292e-22,-170.464124566352,11.7237640830551,"NoSpatial",NA,NA,NA,NA,NA,NA,NA,NA,NA,NA,NA,NA,NA,NA,NA,NA,NA,NA,NA,NA,NA,NA,NA,NA,NA,NA,NA,NA,NA,NA,NA,NA,NA,NA,NA,NA,NA,NA,NA,NA,NA,NA,NA,NA,NA,NA,NA,NA,NA,NA,NA,NA,NA,NA,NA,NA,NA,NA,NA,NA,NA,NA,NA,NA,NA,NA,NA,NA,NA,NA,NA,NA,NA,NA,NA,NA,NA,NA,NA,NA,NA,NA,NA,NA,NA,NA,NA,NA,NA,NA,NA,NA,NA,NA,NA,NA,NA,NA,NA,NA,NA,NA,NA,NA,NA,NA,NA,NA,NA,NA,NA,NA,NA,NA,NA,NA,NA,NA,NA,NA,NA,NA,NA,NA,NA,NA,NA,NA,NA,NA,NA,NA,NA,NA,NA,NA,NA,NA,NA,NA,NA,NA,NA,NA,NA,NA,NA,NA,NA,NA,NA,NA,NA,NA,NA,NA,NA,NA,NA,NA,NA,NA,NA,NA,NA,NA,NA,NA,NA,NA,NA,NA,NA,NA,NA,NA,NA,NA,0
"Gaur",1,"ndvi_cv + elev + DE",162.44,0,0.660887621027834,-69.2285237384058,11.9904672822741,"Spatial",1734.76810066798,1929.22336437252,2787.15141026828,3734.70239857364,5243.27731026222,11708.3088475868,21280.7287595541,-2.92805228954337,-2.68365474742128,-2.42720851528167,-2.08805416610993,-1.77550211362218,-1.45487540780859,-1.15334022064003,-0.991704409058911,-0.889084701812326,NA,NA,NA,NA,NA,NA,NA,NA,NA,0.206790378027343,0.328674427925573,0.48026954239893,0.772839860487394,1.12540019655818,1.43801732597714,1.79491255631904,2.06651009407335,2.32491558042549,-1.20933735478135,-1.07691701560579,-0.915513828747217,-0.603673786409283,-0.285354992876321,0.00776062855076141,0.272561540916779,0.416080160200481,0.544822185744366,NA,NA,NA,NA,NA,NA,NA,NA,NA,NA,NA,NA,NA,NA,NA,NA,NA,NA,NA,NA,NA,NA,NA,NA,NA,NA,NA,0.217460982256379,0.355591419265951,0.513018823524845,0.766116846187338,1.05065352262729,1.32511787072351,1.56909143123296,1.73400215757066,1.87544188930189,NA,NA,NA,NA,NA,NA,NA,NA,NA,NA,NA,NA,NA,NA,NA,NA,NA,NA,NA,NA,NA,NA,NA,NA,NA,NA,NA,NA,NA,NA,NA,NA,NA,NA,NA,NA,NA,NA,NA,NA,NA,NA,NA,NA,NA,NA,NA,NA,NA,NA,NA,NA,NA,NA,NA,NA,NA,NA,NA,NA,NA,NA,NA,NA,NA,NA,NA,NA,NA,NA,NA,NA,NA,NA,NA,NA,NA,NA,NA,NA,NA,NA,NA,NA,NA,NA,NA,NA,NA,NA,NA,NA,NA,NA,NA,NA,NA,NA,NA,0.0733
"Gaur",2,"ndvi_cv + elev + BB + DE",164.04,1.6,0.29632777851386,-69.835768341125,12.1853402898814,"Spatial",1672.82626863332,1838.88227044521,2542.09991694021,3253.13832840803,4289.77449019484,7522.57762396302,10009.2859686405,-3.08733105521218,-2.88933847760348,-2.6530236126615,-2.28982282453145,-1.92829098084159,-1.6042154412775,-1.32061197355128,-1.14415817760739,-1.02285752781691,NA,NA,NA,NA,NA,NA,NA,NA,NA,0.132900404782863,0.271945605126318,0.421471846975689,0.702677718412927,1.01413155993839,1.30765743401912,1.62045341082267,1.76983604142117,1.90879541650357,-1.52362447306495,-1.35148821329627,-1.1499129184622,-0.840610206815118,-0.495414542564131,-0.125089258009898,0.159536350908174,0.31770835673824,0.436517430999924,NA,NA,NA,NA,NA,NA,NA,NA,NA,-3.11308461045173,-2.71268071408547,-2.29658945325533,-1.64161849070535,-0.994737806540444,-0.491034043491208,-0.176470337211962,-0.0165683824464211,0.117959738747891,NA,NA,NA,NA,NA,NA,NA,NA,NA,0.221613566732788,0.338495997281448,0.507922104059593,0.739916958861019,0.98589967797526,1.23545753454557,1.45641958361124,1.61041658025457,1.72944319952983,NA,NA,NA,NA,NA,NA,NA,NA,NA,NA,NA,NA,NA,NA,NA,NA,NA,NA,NA,NA,NA,NA,NA,NA,NA,NA,NA,NA,NA,NA,NA,NA,NA,NA,NA,NA,NA,NA,NA,NA,NA,NA,NA,NA,NA,NA,NA,NA,NA,NA,NA,NA,NA,NA,NA,NA,NA,NA,NA,NA,NA,NA,NA,NA,NA,NA,NA,NA,NA,NA,NA,NA,NA,NA,NA,NA,NA,NA,NA,NA,NA,NA,NA,NA,NA,NA,NA,NA,NA,NA,NA,NA,NA,NA,NA,NA,NA,NA,NA,0.0329
"Gaur",3,"ndvi_cv + elev + BB + DD + DE",169.25,6.81,0.0219677161601158,-72.1823072304451,12.4406936737233,"Spatial",1719.7948282932,1905.55414042305,2719.99088208756,3566.77178676321,5067.82067199227,10120.1586123994,14314.5258930072,-3.20863784380476,-3.01042247220226,-2.76560280968483,-2.38023933926571,-2.01252446069015,-1.66539775259737,-1.33298186376225,-1.16109336551228,-0.997955339927478,NA,NA,NA,NA,NA,NA,NA,NA,NA,0.0595452281712189,0.189525431159445,0.403185803840385,0.697800515493296,1.00691427368223,1.33267982263135,1.62755101682273,1.8047495456356,1.94197101469389,-1.64715259410804,-1.4996387034149,-1.28158772760782,-0.965690906584497,-0.591964257293733,-0.212446122207774,0.135358535208821,0.36506746099765,0.576191801645236,NA,NA,NA,NA,NA,NA,NA,NA,NA,-3.15567393117428,-2.78917148525426,-2.3226312230895,-1.70822974797724,-1.07008993942228,-0.6085781534141,-0.296551111676075,-0.120537273530156,0.0189758492051267,-0.658165006365417,-0.510637468712059,-0.30103790471086,-0.0978885527823172,0.113542113519626,0.304296787376813,0.463740558160379,0.548561822899188,0.627426787071851,0.324476401240561,0.463316758597359,0.59949988848415,0.815333303605779,1.07396092778539,1.32174460059256,1.55641036122102,1.6969383787877,1.81728976118058,NA,NA,NA,NA,NA,NA,NA,NA,NA,NA,NA,NA,NA,NA,NA,NA,NA,NA,NA,NA,NA,NA,NA,NA,NA,NA,NA,NA,NA,NA,NA,NA,NA,NA,NA,NA,NA,NA,NA,NA,NA,NA,NA,NA,NA,NA,NA,NA,NA,NA,NA,NA,NA,NA,NA,NA,NA,NA,NA,NA,NA,NA,NA,NA,NA,NA,NA,NA,NA,NA,NA,NA,NA,NA,NA,NA,NA,NA,NA,NA,NA,NA,NA,NA,NA,NA,NA,NA,NA,NA,NA,NA,NA,NA,NA,NA,NA,NA,NA,0.0024
"Gaur",4,"ndvi_cv + elev + slope + BB + DE",169.37,6.93,0.0206391600633487,-72.8136452319277,11.8717393553961,"Spatial",1764.41620359472,1923.8172488572,2708.67024563155,3515.32290423356,4819.37342757948,8760.86724910427,11876.3161112683,-3.05240411936202,-2.86448694876914,-2.63467736795194,-2.31876070504009,-1.93851113577472,-1.54294578554727,-1.24686783780142,-1.07767698566001,-0.941107715766746,NA,NA,NA,NA,NA,NA,NA,NA,NA,0.158227754501465,0.307143928775078,0.478139629589661,0.725595930046806,1.01422373979963,1.29825641448546,1.55983549717431,1.72018856237342,1.87334493338218,-1.57701960977551,-1.4210565653014,-1.2453279840589,-0.942208931484248,-0.5794151297076,-0.230031121584312,0.103470561418855,0.266440141790339,0.397753062001351,-0.84266955794196,-0.679244265459757,-0.506997856662834,-0.263269209191248,0.0024974989402397,0.287108290621858,0.529796639441586,0.661057051150555,0.763398574034574,-3.30272701260515,-2.87997317155875,-2.41785313008196,-1.77082092268613,-1.12239911217043,-0.612137038207294,-0.237583754765736,-0.0774533955918463,0.0563520377052466,NA,NA,NA,NA,NA,NA,NA,NA,NA,0.260892301015368,0.400492494288843,0.541674640058576,0.783045280634779,1.05681980052219,1.3017228284052,1.5174852623257,1.64072282069399,1.7305665662024,NA,NA,NA,NA,NA,NA,NA,NA,NA,NA,NA,NA,NA,NA,NA,NA,NA,NA,NA,NA,NA,NA,NA,NA,NA,NA,NA,NA,NA,NA,NA,NA,NA,NA,NA,NA,NA,NA,NA,NA,NA,NA,NA,NA,NA,NA,NA,NA,NA,NA,NA,NA,NA,NA,NA,NA,NA,NA,NA,NA,NA,NA,NA,NA,NA,NA,NA,NA,NA,NA,NA,NA,NA,NA,NA,NA,NA,NA,NA,NA,NA,NA,NA,NA,NA,NA,NA,NA,NA,NA,NA,NA,NA,NA,NA,NA,NA,NA,NA,0.0023
"Gaur",5,"ndvi_cv + elev + BB + DE",180.75,18.31,6.97531911721948e-05,-82.2248072491002,8.15055969115851,"NoSpatial",NA,NA,NA,NA,NA,NA,NA,NA,NA,NA,NA,NA,NA,NA,NA,NA,NA,NA,NA,NA,NA,NA,NA,NA,NA,NA,NA,NA,NA,NA,NA,NA,NA,NA,NA,NA,NA,NA,NA,NA,NA,NA,NA,NA,NA,NA,NA,NA,NA,NA,NA,NA,NA,NA,NA,NA,NA,NA,NA,NA,NA,NA,NA,NA,NA,NA,NA,NA,NA,NA,NA,NA,NA,NA,NA,NA,NA,NA,NA,NA,NA,NA,NA,NA,NA,NA,NA,NA,NA,NA,NA,NA,NA,NA,NA,NA,NA,NA,NA,NA,NA,NA,NA,NA,NA,NA,NA,NA,NA,NA,NA,NA,NA,NA,NA,NA,NA,NA,NA,NA,NA,NA,NA,NA,NA,NA,NA,NA,NA,NA,NA,NA,NA,NA,NA,NA,NA,NA,NA,NA,NA,NA,NA,NA,NA,NA,NA,NA,NA,NA,NA,NA,NA,NA,NA,NA,NA,NA,NA,NA,NA,NA,NA,NA,NA,NA,NA,NA,NA,NA,NA,NA,NA,NA,NA,NA,NA,NA,0
"Gaur",6,"ndvi_cv + elev + BB + DD + DE",182.23,19.79,3.3303009941862e-05,-82.305237613702,8.80944471623796,"NoSpatial",NA,NA,NA,NA,NA,NA,NA,NA,NA,NA,NA,NA,NA,NA,NA,NA,NA,NA,NA,NA,NA,NA,NA,NA,NA,NA,NA,NA,NA,NA,NA,NA,NA,NA,NA,NA,NA,NA,NA,NA,NA,NA,NA,NA,NA,NA,NA,NA,NA,NA,NA,NA,NA,NA,NA,NA,NA,NA,NA,NA,NA,NA,NA,NA,NA,NA,NA,NA,NA,NA,NA,NA,NA,NA,NA,NA,NA,NA,NA,NA,NA,NA,NA,NA,NA,NA,NA,NA,NA,NA,NA,NA,NA,NA,NA,NA,NA,NA,NA,NA,NA,NA,NA,NA,NA,NA,NA,NA,NA,NA,NA,NA,NA,NA,NA,NA,NA,NA,NA,NA,NA,NA,NA,NA,NA,NA,NA,NA,NA,NA,NA,NA,NA,NA,NA,NA,NA,NA,NA,NA,NA,NA,NA,NA,NA,NA,NA,NA,NA,NA,NA,NA,NA,NA,NA,NA,NA,NA,NA,NA,NA,NA,NA,NA,NA,NA,NA,NA,NA,NA,NA,NA,NA,NA,NA,NA,NA,NA,0
"Gaur",7,"ndvi_cv + elev + slope + BB + DE",182.5,20.06,2.90640379655777e-05,-82.442302482018,8.80852602827481,"NoSpatial",NA,NA,NA,NA,NA,NA,NA,NA,NA,NA,NA,NA,NA,NA,NA,NA,NA,NA,NA,NA,NA,NA,NA,NA,NA,NA,NA,NA,NA,NA,NA,NA,NA,NA,NA,NA,NA,NA,NA,NA,NA,NA,NA,NA,NA,NA,NA,NA,NA,NA,NA,NA,NA,NA,NA,NA,NA,NA,NA,NA,NA,NA,NA,NA,NA,NA,NA,NA,NA,NA,NA,NA,NA,NA,NA,NA,NA,NA,NA,NA,NA,NA,NA,NA,NA,NA,NA,NA,NA,NA,NA,NA,NA,NA,NA,NA,NA,NA,NA,NA,NA,NA,NA,NA,NA,NA,NA,NA,NA,NA,NA,NA,NA,NA,NA,NA,NA,NA,NA,NA,NA,NA,NA,NA,NA,NA,NA,NA,NA,NA,NA,NA,NA,NA,NA,NA,NA,NA,NA,NA,NA,NA,NA,NA,NA,NA,NA,NA,NA,NA,NA,NA,NA,NA,NA,NA,NA,NA,NA,NA,NA,NA,NA,NA,NA,NA,NA,NA,NA,NA,NA,NA,NA,NA,NA,NA,NA,NA,0
"Gaur",8,"dist_str + ndvi_cv + elev + BB + DE",182.64,20.2,2.71008581238512e-05,-82.2170727966231,9.10369192239179,"NoSpatial",NA,NA,NA,NA,NA,NA,NA,NA,NA,NA,NA,NA,NA,NA,NA,NA,NA,NA,NA,NA,NA,NA,NA,NA,NA,NA,NA,NA,NA,NA,NA,NA,NA,NA,NA,NA,NA,NA,NA,NA,NA,NA,NA,NA,NA,NA,NA,NA,NA,NA,NA,NA,NA,NA,NA,NA,NA,NA,NA,NA,NA,NA,NA,NA,NA,NA,NA,NA,NA,NA,NA,NA,NA,NA,NA,NA,NA,NA,NA,NA,NA,NA,NA,NA,NA,NA,NA,NA,NA,NA,NA,NA,NA,NA,NA,NA,NA,NA,NA,NA,NA,NA,NA,NA,NA,NA,NA,NA,NA,NA,NA,NA,NA,NA,NA,NA,NA,NA,NA,NA,NA,NA,NA,NA,NA,NA,NA,NA,NA,NA,NA,NA,NA,NA,NA,NA,NA,NA,NA,NA,NA,NA,NA,NA,NA,NA,NA,NA,NA,NA,NA,NA,NA,NA,NA,NA,NA,NA,NA,NA,NA,NA,NA,NA,NA,NA,NA,NA,NA,NA,NA,NA,NA,NA,NA,NA,NA,NA,0
"Gaur",9,"ndvi_cv + elev + DE",183.4,20.97,1.85031376377698e-05,-83.6185623253532,8.08382746638792,"NoSpatial",NA,NA,NA,NA,NA,NA,NA,NA,NA,NA,NA,NA,NA,NA,NA,NA,NA,NA,NA,NA,NA,NA,NA,NA,NA,NA,NA,NA,NA,NA,NA,NA,NA,NA,NA,NA,NA,NA,NA,NA,NA,NA,NA,NA,NA,NA,NA,NA,NA,NA,NA,NA,NA,NA,NA,NA,NA,NA,NA,NA,NA,NA,NA,NA,NA,NA,NA,NA,NA,NA,NA,NA,NA,NA,NA,NA,NA,NA,NA,NA,NA,NA,NA,NA,NA,NA,NA,NA,NA,NA,NA,NA,NA,NA,NA,NA,NA,NA,NA,NA,NA,NA,NA,NA,NA,NA,NA,NA,NA,NA,NA,NA,NA,NA,NA,NA,NA,NA,NA,NA,NA,NA,NA,NA,NA,NA,NA,NA,NA,NA,NA,NA,NA,NA,NA,NA,NA,NA,NA,NA,NA,NA,NA,NA,NA,NA,NA,NA,NA,NA,NA,NA,NA,NA,NA,NA,NA,NA,NA,NA,NA,NA,NA,NA,NA,NA,NA,NA,NA,NA,NA,NA,NA,NA,NA,NA,NA,NA,0
"Muntjac",1,"elev + slope",692.22,0,0.208082404783595,-335.742201182602,10.3658638703126,"NoSpatial",12318.8520931358,12660.7430831728,13884.7069936163,14775.0316379473,15769.7945304474,17279.9001171229,17812.8479738634,NA,NA,NA,NA,NA,NA,NA,NA,NA,NA,NA,NA,NA,NA,NA,NA,NA,NA,NA,NA,NA,NA,NA,NA,NA,NA,NA,NA,NA,NA,NA,NA,NA,NA,NA,NA,NA,NA,NA,NA,NA,NA,NA,NA,NA,NA,NA,NA,NA,NA,NA,NA,NA,NA,NA,NA,NA,NA,NA,NA,NA,NA,NA,NA,NA,NA,NA,NA,NA,NA,NA,NA,NA,NA,NA,NA,NA,NA,NA,NA,NA,NA,NA,NA,NA,NA,NA,NA,NA,NA,NA,NA,NA,NA,NA,NA,NA,NA,NA,NA,NA,NA,NA,NA,NA,NA,NA,NA,NA,NA,NA,NA,NA,NA,NA,NA,NA,-0.400130657214849,-0.361757761644849,-0.322048437893544,-0.258366285857497,-0.192593732982001,-0.121204777737562,-0.0574953607015811,-0.0239144359784457,0.00806904403345788,-0.683162564098759,-0.640454976641572,-0.593134894950701,-0.514935933040235,-0.432586564948838,-0.354648661549488,-0.285344527984011,-0.244004397050435,-0.214154523910559,NA,NA,NA,NA,NA,NA,NA,NA,NA,NA,NA,NA,NA,NA,NA,NA,NA,NA,NA,NA,NA,NA,NA,NA,NA,NA,NA,NA,NA,NA,NA,NA,NA,NA,NA,NA,0.0733
"Muntjac",2,"slope",692.44,0.23,0.185639025200279,-337.595719050146,8.62647611751912,"NoSpatial",13383.322525773,13763.0045495048,15013.1393346801,15941.5549072182,16943.3944450273,18444.5884664821,18959.6591592233,NA,NA,NA,NA,NA,NA,NA,NA,NA,NA,NA,NA,NA,NA,NA,NA,NA,NA,NA,NA,NA,NA,NA,NA,NA,NA,NA,NA,NA,NA,NA,NA,NA,NA,NA,NA,NA,NA,NA,NA,NA,NA,NA,NA,NA,NA,NA,NA,NA,NA,NA,NA,NA,NA,NA,NA,NA,NA,NA,NA,NA,NA,NA,NA,NA,NA,NA,NA,NA,NA,NA,NA,NA,NA,NA,NA,NA,NA,NA,NA,NA,NA,NA,NA,NA,NA,NA,NA,NA,NA,NA,NA,NA,NA,NA,NA,NA,NA,NA,NA,NA,NA,NA,NA,NA,NA,NA,NA,NA,NA,NA,NA,NA,NA,NA,NA,NA,NA,NA,NA,NA,NA,NA,NA,NA,NA,-0.722771263675304,-0.686437796287659,-0.641030600495512,-0.568216628659583,-0.496471362843574,-0.421625494494137,-0.353396641464369,-0.310546235850305,-0.273896884844134,NA,NA,NA,NA,NA,NA,NA,NA,NA,NA,NA,NA,NA,NA,NA,NA,NA,NA,NA,NA,NA,NA,NA,NA,NA,NA,NA,NA,NA,NA,NA,NA,NA,NA,NA,NA,0.0653
"Muntjac",3,"dist_str + elev + slope",692.71,0.5,0.162168910402072,-333.98422483208,12.3731359500761,"NoSpatial",12775.2548824052,13207.0896821191,14438.8141219213,15420.1980174724,16484.7298092031,18194.267467485,18824.0915225971,NA,NA,NA,NA,NA,NA,NA,NA,NA,NA,NA,NA,NA,NA,NA,NA,NA,NA,NA,NA,NA,NA,NA,NA,NA,NA,NA,NA,NA,NA,NA,NA,NA,NA,NA,NA,NA,NA,NA,NA,NA,NA,NA,NA,NA,NA,NA,NA,NA,NA,NA,NA,NA,NA,NA,NA,NA,NA,NA,NA,NA,NA,NA,NA,NA,NA,NA,NA,NA,NA,NA,NA,NA,NA,NA,NA,NA,NA,NA,NA,NA,NA,NA,NA,NA,NA,NA,NA,NA,NA,NA,NA,NA,NA,NA,NA,NA,NA,NA,NA,NA,NA,NA,NA,NA,NA,NA,NA,NA,NA,NA,NA,NA,NA,NA,NA,NA,-0.551046050284315,-0.512332127375278,-0.462761162893272,-0.383847541074335,-0.292737051447171,-0.208124906851402,-0.127671806431013,-0.0816914138507693,-0.0453383443698276,-0.665043524458797,-0.623247751587999,-0.573043312580981,-0.497269450478002,-0.415603033538769,-0.335213909906042,-0.271661820228351,-0.232294264780728,-0.197191629697888,-0.0503700932633,-0.0140097790165032,0.0342031325965511,0.104351390608065,0.186706504152764,0.265675138908326,0.336496552822636,0.377932885115763,0.411883331589196,NA,NA,NA,NA,NA,NA,NA,NA,NA,NA,NA,NA,NA,NA,NA,NA,NA,NA,NA,NA,NA,NA,NA,NA,NA,NA,NA,0.0571
"Muntjac",4,"dist_str + elev + slope + BB",693.03,0.82,0.138254189546444,-332.746216318378,13.7706889685477,"NoSpatial",13035.4415482037,13429.7039494006,14729.6903580101,15725.2430543776,16857.5079108872,18689.0767102583,19319.6053788033,NA,NA,NA,NA,NA,NA,NA,NA,NA,NA,NA,NA,NA,NA,NA,NA,NA,NA,NA,NA,NA,NA,NA,NA,NA,NA,NA,NA,NA,NA,NA,NA,NA,NA,NA,NA,NA,NA,NA,NA,NA,NA,NA,NA,NA,NA,NA,NA,NA,NA,NA,NA,NA,NA,NA,NA,NA,NA,NA,NA,NA,NA,NA,NA,NA,NA,NA,NA,NA,NA,NA,NA,NA,NA,NA,NA,NA,NA,NA,NA,NA,NA,NA,NA,NA,NA,NA,NA,NA,NA,NA,NA,NA,NA,NA,NA,NA,NA,NA,NA,NA,NA,NA,NA,NA,NA,NA,NA,NA,NA,NA,NA,NA,NA,NA,NA,NA,-0.756436806962806,-0.703687867386059,-0.648105192068614,-0.549423197899772,-0.445542277984258,-0.334897639921791,-0.235875962891148,-0.17100853954312,-0.115744235899004,-0.606671360811117,-0.562177900748297,-0.514326955726443,-0.440444691820295,-0.358809101386373,-0.276197913749575,-0.209154012638959,-0.168901072810673,-0.133228573312097,0.0227637774441099,0.0682774985781635,0.121440371165862,0.207165814466972,0.300471437115015,0.396965859642227,0.480346658007537,0.527810565850765,0.566385286443264,-4.08890826906883,-3.64693314054579,-3.14565287671129,-2.38994892387664,-1.55808211369599,-0.65214306742015,-0.014723400251371,0.126935290148783,0.205509806152343,NA,NA,NA,NA,NA,NA,NA,NA,NA,NA,NA,NA,NA,NA,NA,NA,NA,NA,0.0486
"Muntjac",5,"slope + DE",693.16,0.94,0.129958416339807,-335.939086579278,10.6396981267489,"NoSpatial",13564.2560576079,13989.1766015958,15164.4240884357,16051.8917237734,17013.7417495385,18529.8091546851,19037.8360039415,NA,NA,NA,NA,NA,NA,NA,NA,NA,NA,NA,NA,NA,NA,NA,NA,NA,NA,NA,NA,NA,NA,NA,NA,NA,NA,NA,NA,NA,NA,NA,NA,NA,NA,NA,NA,NA,NA,NA,NA,NA,NA,NA,NA,NA,NA,NA,NA,NA,NA,NA,NA,NA,NA,NA,NA,NA,NA,NA,NA,NA,NA,NA,NA,NA,NA,NA,NA,NA,NA,NA,NA,NA,NA,NA,NA,NA,NA,NA,NA,NA,NA,NA,NA,NA,NA,NA,NA,NA,NA,NA,NA,NA,NA,NA,NA,NA,NA,NA,NA,NA,NA,NA,NA,NA,NA,NA,NA,NA,NA,NA,NA,NA,NA,NA,NA,NA,NA,NA,NA,NA,NA,NA,NA,NA,NA,-0.657209498525901,-0.625805014076693,-0.577583624380316,-0.508064471178494,-0.427979795025655,-0.354438438851675,-0.292067803389803,-0.255514685776942,-0.225947651446937,NA,NA,NA,NA,NA,NA,NA,NA,NA,NA,NA,NA,NA,NA,NA,NA,NA,NA,-0.433036037483785,-0.388364917826353,-0.34148798101967,-0.264662616351504,-0.183368802654445,-0.10853675171447,-0.0456248126027986,-0.00898154843289193,0.025658296618714,NA,NA,NA,NA,NA,NA,NA,NA,NA,0.0458
"Muntjac",6,"ndvi_cv + slope",693.88,1.67,0.0903524109282652,-336.717461745418,10.2248197845824,"NoSpatial",12953.7940177679,13343.7426244498,14484.5701323188,15333.3283281638,16255.2060039197,17744.5508919383,18266.0105773693,NA,NA,NA,NA,NA,NA,NA,NA,NA,NA,NA,NA,NA,NA,NA,NA,NA,NA,NA,NA,NA,NA,NA,NA,NA,NA,NA,NA,NA,NA,NA,NA,NA,NA,NA,NA,NA,NA,NA,NA,NA,NA,NA,NA,NA,NA,NA,NA,NA,NA,NA,NA,NA,NA,NA,NA,NA,NA,NA,NA,NA,NA,NA,NA,NA,NA,NA,NA,NA,NA,NA,NA,NA,NA,NA,NA,NA,NA,NA,NA,NA,NA,NA,NA,NA,NA,NA,NA,NA,NA,NA,NA,NA,NA,NA,NA,NA,NA,NA,NA,NA,NA,NA,NA,NA,NA,NA,NA,NA,NA,NA,NA,NA,NA,NA,NA,NA,NA,NA,NA,NA,NA,NA,NA,NA,NA,-0.723206948256853,-0.682894190031738,-0.642902596138309,-0.575112777366283,-0.502412617238398,-0.430590179652177,-0.364039152090123,-0.325858159173587,-0.292187246542443,NA,NA,NA,NA,NA,NA,NA,NA,NA,NA,NA,NA,NA,NA,NA,NA,NA,NA,NA,NA,NA,NA,NA,NA,NA,NA,NA,-0.0709535347296333,-0.0400149304791902,-0.00850646320381033,0.0414570530115178,0.0950537845121361,0.150527006487011,0.20166279864025,0.233118029543505,0.255242642304775,0.0318
"Muntjac",7,"slope + DE",693.99,1.78,0.0855446427995384,-319.043351275337,27.9536095779833,"Spatial",13649.3315794331,14006.1734533074,15393.9295954713,16614.9404186716,17910.9723212142,20239.3006499129,21179.4135790542,0.817777021540115,0.853175454069559,0.897540703585668,0.982225773153378,1.07405140668518,1.16817957659875,1.2497282163627,1.30594839748726,1.35309242714172,NA,NA,NA,NA,NA,NA,NA,NA,NA,NA,NA,NA,NA,NA,NA,NA,NA,NA,NA,NA,NA,NA,NA,NA,NA,NA,NA,-0.644264936586549,-0.60699754266673,-0.557271122951081,-0.469002699946436,-0.378595736814313,-0.276341834639719,-0.192872504107463,-0.139376447847833,-0.0942828409714854,NA,NA,NA,NA,NA,NA,NA,NA,NA,NA,NA,NA,NA,NA,NA,NA,NA,NA,-0.49692814622282,-0.435774592429638,-0.380767144712005,-0.28293251345545,-0.177221471563296,-0.0845198490070406,-0.00852748603690923,0.0339845847206532,0.0750051337890095,NA,NA,NA,NA,NA,NA,NA,NA,NA,NA,NA,NA,NA,NA,NA,NA,NA,NA,NA,NA,NA,NA,NA,NA,NA,NA,NA,NA,NA,NA,NA,NA,NA,NA,NA,NA,NA,NA,NA,NA,NA,NA,NA,NA,NA,NA,NA,NA,NA,NA,NA,NA,NA,NA,NA,NA,NA,NA,NA,NA,NA,NA,NA,NA,NA,NA,NA,NA,NA,NA,NA,NA,NA,NA,NA,NA,NA,NA,NA,NA,NA,NA,NA,NA,NA,NA,NA,NA,NA,NA,NA,NA,NA,NA,NA,NA,NA,NA,NA,0.0301
"Sambar deer",1,"dist_str + ndvi_cv + elev + BB + DD",512.59,0,0.398523747426392,-227.19540675262,29.0996763198947,"Spatial",6613.53123396255,6929.79731624386,8076.46396884339,9021.5617912175,10221.1232234667,12756.6188607735,14591.3425102042,-1.81910917878443,-1.70354713493108,-1.54818264596463,-1.33755752736795,-1.09167266865871,-0.849687775154425,-0.624431270945473,-0.497658747917406,-0.383243888804548,-0.605589256817529,-0.479547144435942,-0.362855458173382,-0.164258778801576,0.0383486757232204,0.24985097619763,0.449145511837017,0.558891168197361,0.655691094910271,-1.80071408294041,-1.70104439990101,-1.59470414093948,-1.3728432692903,-1.13091338627302,-0.935385829781613,-0.753448891671335,-0.637918343032296,-0.52948118187852,-3.08409709344872,-2.98600521570151,-2.87076003583092,-2.64612271540245,-2.36555332023772,-2.09301955461122,-1.86205152724641,-1.68597235582323,-1.5512985289048,NA,NA,NA,NA,NA,NA,NA,NA,NA,-3.52159165659489,-3.10176596914126,-2.64507377355787,-1.98656705841723,-1.33250538428134,-0.761155302700917,-0.316917482082253,-0.105762141666758,0.041226650217689,-1.88251285338097,-1.57869205452822,-1.28717378662065,-0.875138998281031,-0.48332502924255,-0.212050341449445,0.00914439299867574,0.116518615320811,0.207180904763053,NA,NA,NA,NA,NA,NA,NA,NA,NA,NA,NA,NA,NA,NA,NA,NA,NA,NA,NA,NA,NA,NA,NA,NA,NA,NA,NA,NA,NA,NA,NA,NA,NA,NA,NA,NA,NA,NA,NA,NA,NA,NA,NA,NA,NA,NA,NA,NA,NA,NA,NA,NA,NA,NA,NA,NA,NA,NA,NA,NA,NA,NA,NA,NA,NA,NA,NA,NA,NA,NA,NA,NA,NA,NA,NA,NA,NA,NA,NA,NA,NA,NA,NA,NA,NA,NA,NA,NA,NA,NA,NA,NA,NA,NA,NA,NA,NA,NA,NA,NA,NA,NA,NA,NA,NA,NA,NA,NA,0.0733
"Sambar deer",2,"ndvi_cv + elev + BB",513.54,0.95,0.248272133701518,-228.001528508736,28.7667961944008,"Spatial",7012.01337212891,7443.32166438662,8749.73409156051,9820.81418215217,11056.1665302127,13472.4853721526,14252.8302360808,-1.51347226325948,-1.42738640250991,-1.30718251841308,-1.09077646111523,-0.854008193654547,-0.634244442608356,-0.44608111243012,-0.329303540792073,-0.235589287348351,NA,NA,NA,NA,NA,NA,NA,NA,NA,-1.78171494226729,-1.70578289831481,-1.61401260953999,-1.45948188364552,-1.26330521503005,-1.06003488174625,-0.886918143414686,-0.796820610141294,-0.705798769947175,-2.87413301958752,-2.7885313052878,-2.69921052975566,-2.53029447273778,-2.34237891611451,-2.14821170117781,-1.98460043599753,-1.88665661375306,-1.77011861743285,NA,NA,NA,NA,NA,NA,NA,NA,NA,-3.37361234570619,-3.01189216714425,-2.69636197596794,-2.10789862175422,-1.42936862427318,-0.872494575029033,-0.448601518037732,-0.209594269697237,-0.0405360362422776,NA,NA,NA,NA,NA,NA,NA,NA,NA,NA,NA,NA,NA,NA,NA,NA,NA,NA,NA,NA,NA,NA,NA,NA,NA,NA,NA,NA,NA,NA,NA,NA,NA,NA,NA,NA,NA,NA,NA,NA,NA,NA,NA,NA,NA,NA,NA,NA,NA,NA,NA,NA,NA,NA,NA,NA,NA,NA,NA,NA,NA,NA,NA,NA,NA,NA,NA,NA,NA,NA,NA,NA,NA,NA,NA,NA,NA,NA,NA,NA,NA,NA,NA,NA,NA,NA,NA,NA,NA,NA,NA,NA,NA,NA,NA,NA,NA,NA,NA,NA,NA,NA,NA,NA,NA,NA,NA,NA,NA,NA,NA,NA,NA,NA,NA,NA,NA,0.0456
"Sambar deer",3,"ndvi_cv + elev + BB + DD",514.09,1.5,0.188048491341374,-227.551112933917,29.4950373648505,"Spatial",7363.35121707349,7748.7963844298,9030.07009747528,10066.2703981541,11178.93288795,12889.403064974,13597.6146316871,-1.80728672852912,-1.6557400582839,-1.4952674321361,-1.26020248957157,-1.02018854438725,-0.796169084647451,-0.593037921766594,-0.471489095434699,-0.363277510744215,NA,NA,NA,NA,NA,NA,NA,NA,NA,-1.80476614581316,-1.72227014646008,-1.60936725369676,-1.42737156436513,-1.22010381494236,-1.0214572073894,-0.843212934590748,-0.724676576738432,-0.614861237544844,-2.91103249588617,-2.80631746499368,-2.66667039908178,-2.44369159131239,-2.21560202854327,-2.03286610009253,-1.85973588321558,-1.73804266214156,-1.63365409182055,NA,NA,NA,NA,NA,NA,NA,NA,NA,-4.33356582005306,-3.73466299556028,-3.21355098928141,-2.48717880799542,-1.72176479188108,-1.01918963184879,-0.484894237710295,-0.207075116931636,-0.0682909392804618,-2.1287663829272,-1.82030933512784,-1.49189950795506,-1.00269206829709,-0.580310053605375,-0.256392796445441,-0.0285208587641077,0.0982888415745554,0.195668832424048,NA,NA,NA,NA,NA,NA,NA,NA,NA,NA,NA,NA,NA,NA,NA,NA,NA,NA,NA,NA,NA,NA,NA,NA,NA,NA,NA,NA,NA,NA,NA,NA,NA,NA,NA,NA,NA,NA,NA,NA,NA,NA,NA,NA,NA,NA,NA,NA,NA,NA,NA,NA,NA,NA,NA,NA,NA,NA,NA,NA,NA,NA,NA,NA,NA,NA,NA,NA,NA,NA,NA,NA,NA,NA,NA,NA,NA,NA,NA,NA,NA,NA,NA,NA,NA,NA,NA,NA,NA,NA,NA,NA,NA,NA,NA,NA,NA,NA,NA,NA,NA,NA,NA,NA,NA,NA,NA,NA,0.0346
"Sambar deer",4,"dist_str + ndvi_cv + elev + BB",514.81,2.22,0.131531117338117,-227.899750537124,29.503856166508,"Spatial",7281.27527788744,7750.66078809074,9391.63170493294,10713.0469948423,12393.5706042138,15979.3039063302,17642.9236129398,-1.34950135831954,-1.26074957888223,-1.14732400613091,-0.923594680718106,-0.679782101843844,-0.443237792772064,-0.197852320304563,-0.0694928143327952,0.012149833965132,-0.810131319516995,-0.68753029456731,-0.564048434749678,-0.378502406908928,-0.174880247155877,0.0133180659290408,0.173621704180356,0.279516381812586,0.384529680408305,-1.86269728429185,-1.79371883757164,-1.70012678993652,-1.53299604300772,-1.33755140410697,-1.13228676815989,-0.963700565558564,-0.864511058148896,-0.775724865896097,-2.60450650830176,-2.51833230532641,-2.3919400460044,-2.17659928721347,-1.97061348585326,-1.74394795384715,-1.57483273422306,-1.45246085588849,-1.36837474365924,NA,NA,NA,NA,NA,NA,NA,NA,NA,-3.75454792185783,-3.33529317022746,-2.92218594287106,-2.2837172882971,-1.601109913593,-0.967218340811553,-0.498531218013435,-0.285313349136058,-0.145852598066098,NA,NA,NA,NA,NA,NA,NA,NA,NA,NA,NA,NA,NA,NA,NA,NA,NA,NA,NA,NA,NA,NA,NA,NA,NA,NA,NA,NA,NA,NA,NA,NA,NA,NA,NA,NA,NA,NA,NA,NA,NA,NA,NA,NA,NA,NA,NA,NA,NA,NA,NA,NA,NA,NA,NA,NA,NA,NA,NA,NA,NA,NA,NA,NA,NA,NA,NA,NA,NA,NA,NA,NA,NA,NA,NA,NA,NA,NA,NA,NA,NA,NA,NA,NA,NA,NA,NA,NA,NA,NA,NA,NA,NA,NA,NA,NA,NA,NA,NA,NA,NA,NA,NA,NA,NA,NA,NA,NA,NA,NA,NA,NA,NA,NA,NA,NA,NA,0.0242
"Sambar deer",5,"dist_str + ndvi_cv + elev + slope + BB",517.54,4.95,0.033624510191322,-228.842006749979,29.9255881400116,"Spatial",7262.87520722877,7678.93495988075,9283.81483792533,10615.0170747596,12295.694545609,16730.0404260351,18674.0525407232,-1.58129685787039,-1.43791861896295,-1.28498461988379,-1.06015517994424,-0.807069655202276,-0.544400455077461,-0.310694901648532,-0.175388491742152,-0.077761241763203,-0.871101074518983,-0.724942678822566,-0.593367867906968,-0.390441976785555,-0.163197320029645,0.068020042798966,0.275794967714077,0.392297441829038,0.484495362504055,-1.93037282083676,-1.81545052910856,-1.70341773393497,-1.51685933387677,-1.33604078340775,-1.13107881466884,-0.955994830858267,-0.857613524726138,-0.76279039096064,-2.82603319974794,-2.72430809004657,-2.60344764276406,-2.41296992724,-2.19995689946616,-1.89163239918967,-1.63042376728694,-1.51125422357589,-1.42268432040077,-0.727471093432545,-0.624608351679387,-0.493748847541873,-0.290386890183043,-0.0677965529831296,0.127543413407724,0.316032455465969,0.41316379217291,0.523916127588471,-3.49832476192177,-3.13249386933304,-2.78170910954875,-2.19637802998504,-1.54327484992577,-0.88357414252184,-0.423236222004494,-0.227895168316484,-0.0647853318791638,NA,NA,NA,NA,NA,NA,NA,NA,NA,NA,NA,NA,NA,NA,NA,NA,NA,NA,NA,NA,NA,NA,NA,NA,NA,NA,NA,NA,NA,NA,NA,NA,NA,NA,NA,NA,NA,NA,NA,NA,NA,NA,NA,NA,NA,NA,NA,NA,NA,NA,NA,NA,NA,NA,NA,NA,NA,NA,NA,NA,NA,NA,NA,NA,NA,NA,NA,NA,NA,NA,NA,NA,NA,NA,NA,NA,NA,NA,NA,NA,NA,NA,NA,NA,NA,NA,NA,NA,NA,NA,NA,NA,NA,NA,NA,NA,NA,NA,NA,NA,NA,NA,NA,NA,NA,NA,NA,NA,NA,NA,NA,NA,NA,NA,NA,NA,NA,0.0062
"Sambar deer",6,"ndvi_cv + elev + BB",568.2,55.61,3.3441439084994e-13,-270.529283140628,13.5722072211835,"NoSpatial",NA,NA,NA,NA,NA,NA,NA,NA,NA,NA,NA,NA,NA,NA,NA,NA,NA,NA,NA,NA,NA,NA,NA,NA,NA,NA,NA,NA,NA,NA,NA,NA,NA,NA,NA,NA,NA,NA,NA,NA,NA,NA,NA,NA,NA,NA,NA,NA,NA,NA,NA,NA,NA,NA,NA,NA,NA,NA,NA,NA,NA,NA,NA,NA,NA,NA,NA,NA,NA,NA,NA,NA,NA,NA,NA,NA,NA,NA,NA,NA,NA,NA,NA,NA,NA,NA,NA,NA,NA,NA,NA,NA,NA,NA,NA,NA,NA,NA,NA,NA,NA,NA,NA,NA,NA,NA,NA,NA,NA,NA,NA,NA,NA,NA,NA,NA,NA,NA,NA,NA,NA,NA,NA,NA,NA,NA,NA,NA,NA,NA,NA,NA,NA,NA,NA,NA,NA,NA,NA,NA,NA,NA,NA,NA,NA,NA,NA,NA,NA,NA,NA,NA,NA,NA,NA,NA,NA,NA,NA,NA,NA,NA,NA,NA,NA,NA,NA,NA,NA,NA,NA,NA,NA,NA,NA,NA,NA,NA,0
"Sambar deer",7,"dist_str + ndvi_cv + elev + BB + DD",568.33,55.74,3.13229978190829e-13,-267.844259436061,16.3226741655299,"NoSpatial",NA,NA,NA,NA,NA,NA,NA,NA,NA,NA,NA,NA,NA,NA,NA,NA,NA,NA,NA,NA,NA,NA,NA,NA,NA,NA,NA,NA,NA,NA,NA,NA,NA,NA,NA,NA,NA,NA,NA,NA,NA,NA,NA,NA,NA,NA,NA,NA,NA,NA,NA,NA,NA,NA,NA,NA,NA,NA,NA,NA,NA,NA,NA,NA,NA,NA,NA,NA,NA,NA,NA,NA,NA,NA,NA,NA,NA,NA,NA,NA,NA,NA,NA,NA,NA,NA,NA,NA,NA,NA,NA,NA,NA,NA,NA,NA,NA,NA,NA,NA,NA,NA,NA,NA,NA,NA,NA,NA,NA,NA,NA,NA,NA,NA,NA,NA,NA,NA,NA,NA,NA,NA,NA,NA,NA,NA,NA,NA,NA,NA,NA,NA,NA,NA,NA,NA,NA,NA,NA,NA,NA,NA,NA,NA,NA,NA,NA,NA,NA,NA,NA,NA,NA,NA,NA,NA,NA,NA,NA,NA,NA,NA,NA,NA,NA,NA,NA,NA,NA,NA,NA,NA,NA,NA,NA,NA,NA,NA,0
"Sambar deer",8,"dist_str + ndvi_cv + elev + BB",568.57,55.98,2.78355079966395e-13,-268.268582760173,16.0163909520154,"NoSpatial",NA,NA,NA,NA,NA,NA,NA,NA,NA,NA,NA,NA,NA,NA,NA,NA,NA,NA,NA,NA,NA,NA,NA,NA,NA,NA,NA,NA,NA,NA,NA,NA,NA,NA,NA,NA,NA,NA,NA,NA,NA,NA,NA,NA,NA,NA,NA,NA,NA,NA,NA,NA,NA,NA,NA,NA,NA,NA,NA,NA,NA,NA,NA,NA,NA,NA,NA,NA,NA,NA,NA,NA,NA,NA,NA,NA,NA,NA,NA,NA,NA,NA,NA,NA,NA,NA,NA,NA,NA,NA,NA,NA,NA,NA,NA,NA,NA,NA,NA,NA,NA,NA,NA,NA,NA,NA,NA,NA,NA,NA,NA,NA,NA,NA,NA,NA,NA,NA,NA,NA,NA,NA,NA,NA,NA,NA,NA,NA,NA,NA,NA,NA,NA,NA,NA,NA,NA,NA,NA,NA,NA,NA,NA,NA,NA,NA,NA,NA,NA,NA,NA,NA,NA,NA,NA,NA,NA,NA,NA,NA,NA,NA,NA,NA,NA,NA,NA,NA,NA,NA,NA,NA,NA,NA,NA,NA,NA,NA,0
"Sambar deer",9,"ndvi_cv + elev + BB + DD",568.9,56.3,2.36599782303044e-13,-269.993434068115,14.4540671773811,"NoSpatial",NA,NA,NA,NA,NA,NA,NA,NA,NA,NA,NA,NA,NA,NA,NA,NA,NA,NA,NA,NA,NA,NA,NA,NA,NA,NA,NA,NA,NA,NA,NA,NA,NA,NA,NA,NA,NA,NA,NA,NA,NA,NA,NA,NA,NA,NA,NA,NA,NA,NA,NA,NA,NA,NA,NA,NA,NA,NA,NA,NA,NA,NA,NA,NA,NA,NA,NA,NA,NA,NA,NA,NA,NA,NA,NA,NA,NA,NA,NA,NA,NA,NA,NA,NA,NA,NA,NA,NA,NA,NA,NA,NA,NA,NA,NA,NA,NA,NA,NA,NA,NA,NA,NA,NA,NA,NA,NA,NA,NA,NA,NA,NA,NA,NA,NA,NA,NA,NA,NA,NA,NA,NA,NA,NA,NA,NA,NA,NA,NA,NA,NA,NA,NA,NA,NA,NA,NA,NA,NA,NA,NA,NA,NA,NA,NA,NA,NA,NA,NA,NA,NA,NA,NA,NA,NA,NA,NA,NA,NA,NA,NA,NA,NA,NA,NA,NA,NA,NA,NA,NA,NA,NA,NA,NA,NA,NA,NA,NA,0
"Sambar deer",10,"dist_str + ndvi_cv + elev + slope + BB",570.36,57.77,1.14008947656736e-13,-268.004467626401,17.1731267170023,"NoSpatial",NA,NA,NA,NA,NA,NA,NA,NA,NA,NA,NA,NA,NA,NA,NA,NA,NA,NA,NA,NA,NA,NA,NA,NA,NA,NA,NA,NA,NA,NA,NA,NA,NA,NA,NA,NA,NA,NA,NA,NA,NA,NA,NA,NA,NA,NA,NA,NA,NA,NA,NA,NA,NA,NA,NA,NA,NA,NA,NA,NA,NA,NA,NA,NA,NA,NA,NA,NA,NA,NA,NA,NA,NA,NA,NA,NA,NA,NA,NA,NA,NA,NA,NA,NA,NA,NA,NA,NA,NA,NA,NA,NA,NA,NA,NA,NA,NA,NA,NA,NA,NA,NA,NA,NA,NA,NA,NA,NA,NA,NA,NA,NA,NA,NA,NA,NA,NA,NA,NA,NA,NA,NA,NA,NA,NA,NA,NA,NA,NA,NA,NA,NA,NA,NA,NA,NA,NA,NA,NA,NA,NA,NA,NA,NA,NA,NA,NA,NA,NA,NA,NA,NA,NA,NA,NA,NA,NA,NA,NA,NA,NA,NA,NA,NA,NA,NA,NA,NA,NA,NA,NA,NA,NA,NA,NA,NA,NA,NA,0
"Wild boar",1,"slope",332.19,0,0.527299772454403,-146.797159446255,19.2994080109712,"Spatial",3277.24623087957,3564.03643864211,4709.87189508451,5794.28405632539,7247.95583692891,10804.8269045188,12323.5962604421,NA,NA,NA,NA,NA,NA,NA,NA,NA,NA,NA,NA,NA,NA,NA,NA,NA,NA,NA,NA,NA,NA,NA,NA,NA,NA,NA,NA,NA,NA,NA,NA,NA,NA,NA,NA,NA,NA,NA,NA,NA,NA,NA,NA,NA,NA,NA,NA,NA,NA,NA,NA,NA,NA,NA,NA,NA,NA,NA,NA,NA,NA,NA,NA,NA,NA,NA,NA,NA,NA,NA,NA,NA,NA,NA,NA,NA,NA,NA,NA,NA,NA,NA,NA,NA,NA,NA,NA,NA,NA,NA,NA,NA,NA,NA,NA,NA,NA,NA,NA,NA,NA,NA,NA,NA,NA,NA,NA,NA,NA,NA,NA,NA,NA,NA,NA,NA,NA,NA,NA,NA,NA,NA,NA,NA,NA,NA,NA,NA,NA,NA,NA,NA,NA,NA,NA,NA,NA,NA,NA,NA,NA,NA,NA,NA,NA,NA,NA,NA,NA,NA,NA,NA,NA,NA,NA,NA,NA,NA,NA,NA,NA,NA,NA,NA,NA,NA,NA,NA,NA,NA,0.0733
"Wild boar",2,"slope + BB",332.87,0.68,0.375071294236856,-145.913647299782,20.5235732465862,"Spatial",3350.1115574863,3679.81003107133,4820.98400945336,6003.60755093841,7581.07547175857,11378.4427032708,13756.4885872479,NA,NA,NA,NA,NA,NA,NA,NA,NA,NA,NA,NA,NA,NA,NA,NA,NA,NA,NA,NA,NA,NA,NA,NA,NA,NA,NA,NA,NA,NA,NA,NA,NA,NA,NA,NA,NA,NA,NA,NA,NA,NA,NA,NA,NA,NA,NA,NA,NA,NA,NA,NA,NA,NA,NA,NA,NA,NA,NA,NA,NA,NA,NA,NA,NA,NA,NA,NA,NA,NA,NA,NA,-1.0128809058704,-0.91259801086114,-0.782218876610873,-0.601154202200537,-0.396066155426385,-0.203417701939019,-0.0410633506096096,0.0558230076331603,0.122512365839606,-0.0754060467268218,0.0193338438641024,0.125984842170181,0.283653025562936,0.464277411215145,0.642877309369766,0.794874454934133,0.8875130521169,0.959046166491847,-2.81233794428523,-2.30225951352859,-1.78484299794071,-0.937451213366498,-0.174854377028755,0.178439209181664,0.388806147212418,0.503394728599096,0.627855663708312,NA,NA,NA,NA,NA,NA,NA,NA,NA,NA,NA,NA,NA,NA,NA,NA,NA,NA,NA,NA,NA,NA,NA,NA,NA,NA,NA,NA,NA,NA,NA,NA,NA,NA,NA,NA,NA,NA,NA,NA,NA,NA,NA,NA,NA,NA,NA,NA,NA,NA,NA,NA,NA,NA,NA,NA,NA,NA,NA,NA,NA,NA,NA,NA,NA,NA,NA,NA,NA,NA,NA,NA,0.0522
"Wild boar",3,"elev + slope + BB",337.38,5.18,0.0394897694737851,-153.188759596992,15.4995354375441,"Spatial",3037.18891853692,3293.67862550823,4299.35136312034,5217.26205981397,6359.57565037495,8909.96932796808,10173.1792994626,NA,NA,NA,NA,NA,NA,NA,NA,NA,NA,NA,NA,NA,NA,NA,NA,NA,NA,NA,NA,NA,NA,NA,NA,NA,NA,NA,NA,NA,NA,NA,NA,NA,NA,NA,NA,NA,NA,NA,NA,NA,NA,NA,NA,NA,NA,NA,NA,NA,NA,NA,NA,NA,NA,NA,NA,NA,NA,NA,NA,NA,NA,NA,NA,NA,NA,NA,NA,NA,NA,NA,NA,-1.05951257152097,-0.944317000850168,-0.789893600253895,-0.565126322728015,-0.349297835104157,-0.15904415901937,0.0358013295021357,0.142174404628639,0.220686329151121,0.0729388783373534,0.138394552291819,0.225271199617174,0.368041965771611,0.523045135419848,0.671640151913342,0.801623766134992,0.885617249665879,0.954274898439327,-3.16366407251763,-2.82334382109726,-2.41137054263746,-1.72584487061873,-0.954580988543987,-0.299268569317543,0.0159521508328393,0.152811535460503,0.265880014920654,-0.707553869480191,-0.635020247701789,-0.523949011571024,-0.360106508957346,-0.169556403292417,-0.00761295319598796,0.140020658213017,0.226034483497675,0.293283203179064,NA,NA,NA,NA,NA,NA,NA,NA,NA,NA,NA,NA,NA,NA,NA,NA,NA,NA,NA,NA,NA,NA,NA,NA,NA,NA,NA,NA,NA,NA,NA,NA,NA,NA,NA,NA,NA,NA,NA,NA,NA,NA,NA,NA,NA,NA,NA,NA,NA,NA,NA,NA,NA,NA,NA,NA,NA,NA,NA,NA,NA,NA,NA,0.0055
"Wild boar",4,"ndvi_cv + slope + BB",337.4,5.2,0.0391038457912508,-148.263419550393,20.4346963018526,"Spatial",3512.9161606736,3885.41564215528,5327.64268779055,6732.96747534265,8648.56189421431,12884.4449668347,14583.7135428047,NA,NA,NA,NA,NA,NA,NA,NA,NA,NA,NA,NA,NA,NA,NA,NA,NA,NA,NA,NA,NA,NA,NA,NA,NA,NA,NA,NA,NA,NA,NA,NA,NA,NA,NA,NA,NA,NA,NA,NA,NA,NA,NA,NA,NA,NA,NA,NA,NA,NA,NA,NA,NA,NA,NA,NA,NA,NA,NA,NA,NA,NA,NA,NA,NA,NA,NA,NA,NA,NA,NA,NA,-0.80709664378682,-0.721641693553276,-0.632199424548224,-0.466433305430148,-0.288019818112122,-0.13098039803209,-0.000366289077423939,0.0943533661318576,0.167590288855053,-0.0645914119782314,0.0275361451386693,0.131562691787033,0.289637106631098,0.463064587969031,0.626096275237164,0.788985012264189,0.885633404359464,0.97012552046481,-2.88790169507609,-2.39438041691623,-1.90529130376502,-0.999609977500735,-0.000130245240875126,1.00539693222364,1.87424018277399,2.32998760460554,2.7464250956945,NA,NA,NA,NA,NA,NA,NA,NA,NA,-2.97622321138458,-2.51854613281267,-1.94612617358457,-1.00747533177,0.0429586940263023,1.03914070176388,1.91862331116014,2.48167687028941,2.97071695454653,NA,NA,NA,NA,NA,NA,NA,NA,NA,NA,NA,NA,NA,NA,NA,NA,NA,NA,NA,NA,NA,NA,NA,NA,NA,NA,NA,NA,NA,NA,NA,NA,NA,NA,NA,NA,NA,NA,NA,NA,NA,NA,NA,NA,NA,NA,NA,NA,NA,NA,NA,NA,NA,NA,0.0054
"Wild boar",5,"slope + BB",341.05,8.85,0.00630395155115299,-162.092312816215,8.43084718890546,"NoSpatial",NA,NA,NA,NA,NA,NA,NA,NA,NA,NA,NA,NA,NA,NA,NA,NA,NA,NA,NA,NA,NA,NA,NA,NA,NA,NA,NA,NA,NA,NA,NA,NA,NA,NA,NA,NA,NA,NA,NA,NA,NA,NA,NA,NA,NA,NA,NA,NA,NA,NA,NA,NA,NA,NA,NA,NA,NA,NA,NA,NA,NA,NA,NA,NA,NA,NA,NA,NA,NA,NA,NA,NA,NA,NA,NA,NA,NA,NA,NA,NA,NA,NA,NA,NA,NA,NA,NA,NA,NA,NA,NA,NA,NA,NA,NA,NA,NA,NA,NA,NA,NA,NA,NA,NA,NA,NA,NA,NA,NA,NA,NA,NA,NA,NA,NA,NA,NA,NA,NA,NA,NA,NA,NA,NA,NA,NA,NA,NA,NA,NA,NA,NA,NA,NA,NA,NA,NA,NA,NA,NA,NA,NA,NA,NA,NA,NA,NA,NA,NA,NA,NA,NA,NA,NA,NA,NA,NA,NA,NA,NA,NA,NA,NA,NA,NA,NA,NA,NA,NA,NA,NA,NA,NA,NA,NA,NA,NA,NA,9e-04
"Wild boar",6,"BB",342.04,9.85,0.00383414829021685,-164.427166854083,6.59322249659645,"Spatial",3023.3364560905,3175.7566684238,3728.15201999178,4149.05215834903,4617.66188909342,5396.36828244825,5640.2506378978,NA,NA,NA,NA,NA,NA,NA,NA,NA,NA,NA,NA,NA,NA,NA,NA,NA,NA,NA,NA,NA,NA,NA,NA,NA,NA,NA,NA,NA,NA,NA,NA,NA,NA,NA,NA,NA,NA,NA,NA,NA,NA,NA,NA,NA,NA,NA,NA,NA,NA,NA,NA,NA,NA,NA,NA,NA,NA,NA,NA,NA,NA,NA,NA,NA,NA,NA,NA,NA,NA,NA,NA,-0.915788566055987,-0.822696416180714,-0.733026678646,-0.5627237166716,-0.390079045869681,-0.232087236120304,-0.106333351059323,-0.0435629057653906,0.00984330643486633,NA,NA,NA,NA,NA,NA,NA,NA,NA,-3.13092134931304,-2.78070269154866,-2.37751824442419,-1.7412187103507,-1.08346389337064,-0.492889421544761,-0.0973294587326572,0.062832390325314,0.176398456642942,NA,NA,NA,NA,NA,NA,NA,NA,NA,NA,NA,NA,NA,NA,NA,NA,NA,NA,NA,NA,NA,NA,NA,NA,NA,NA,NA,NA,NA,NA,NA,NA,NA,NA,NA,NA,NA,NA,NA,NA,NA,NA,NA,NA,NA,NA,NA,NA,NA,NA,NA,NA,NA,NA,NA,NA,NA,NA,NA,NA,NA,NA,NA,NA,NA,NA,NA,NA,NA,NA,NA,NA,5e-04
"Wild boar",7,"slope",342.68,10.49,0.00277962386964637,-163.10107852613,8.24094252624295,"NoSpatial",NA,NA,NA,NA,NA,NA,NA,NA,NA,NA,NA,NA,NA,NA,NA,NA,NA,NA,NA,NA,NA,NA,NA,NA,NA,NA,NA,NA,NA,NA,NA,NA,NA,NA,NA,NA,NA,NA,NA,NA,NA,NA,NA,NA,NA,NA,NA,NA,NA,NA,NA,NA,NA,NA,NA,NA,NA,NA,NA,NA,NA,NA,NA,NA,NA,NA,NA,NA,NA,NA,NA,NA,NA,NA,NA,NA,NA,NA,NA,NA,NA,NA,NA,NA,NA,NA,NA,NA,NA,NA,NA,NA,NA,NA,NA,NA,NA,NA,NA,NA,NA,NA,NA,NA,NA,NA,NA,NA,NA,NA,NA,NA,NA,NA,NA,NA,NA,NA,NA,NA,NA,NA,NA,NA,NA,NA,NA,NA,NA,NA,NA,NA,NA,NA,NA,NA,NA,NA,NA,NA,NA,NA,NA,NA,NA,NA,NA,NA,NA,NA,NA,NA,NA,NA,NA,NA,NA,NA,NA,NA,NA,NA,NA,NA,NA,NA,NA,NA,NA,NA,NA,NA,NA,NA,NA,NA,NA,NA,4e-04
"Wild boar",8,"BB",343.09,10.9,0.00226532593052815,-165.380971447547,6.16564657741509,"NoSpatial",NA,NA,NA,NA,NA,NA,NA,NA,NA,NA,NA,NA,NA,NA,NA,NA,NA,NA,NA,NA,NA,NA,NA,NA,NA,NA,NA,NA,NA,NA,NA,NA,NA,NA,NA,NA,NA,NA,NA,NA,NA,NA,NA,NA,NA,NA,NA,NA,NA,NA,NA,NA,NA,NA,NA,NA,NA,NA,NA,NA,NA,NA,NA,NA,NA,NA,NA,NA,NA,NA,NA,NA,NA,NA,NA,NA,NA,NA,NA,NA,NA,NA,NA,NA,NA,NA,NA,NA,NA,NA,NA,NA,NA,NA,NA,NA,NA,NA,NA,NA,NA,NA,NA,NA,NA,NA,NA,NA,NA,NA,NA,NA,NA,NA,NA,NA,NA,NA,NA,NA,NA,NA,NA,NA,NA,NA,NA,NA,NA,NA,NA,NA,NA,NA,NA,NA,NA,NA,NA,NA,NA,NA,NA,NA,NA,NA,NA,NA,NA,NA,NA,NA,NA,NA,NA,NA,NA,NA,NA,NA,NA,NA,NA,NA,NA,NA,NA,NA,NA,NA,NA,NA,NA,NA,NA,NA,NA,NA,3e-04
"Wild boar",9,"elev + slope + BB",343.32,11.13,0.00202322470349642,-161.58231647159,10.0773275742326,"NoSpatial",NA,NA,NA,NA,NA,NA,NA,NA,NA,NA,NA,NA,NA,NA,NA,NA,NA,NA,NA,NA,NA,NA,NA,NA,NA,NA,NA,NA,NA,NA,NA,NA,NA,NA,NA,NA,NA,NA,NA,NA,NA,NA,NA,NA,NA,NA,NA,NA,NA,NA,NA,NA,NA,NA,NA,NA,NA,NA,NA,NA,NA,NA,NA,NA,NA,NA,NA,NA,NA,NA,NA,NA,NA,NA,NA,NA,NA,NA,NA,NA,NA,NA,NA,NA,NA,NA,NA,NA,NA,NA,NA,NA,NA,NA,NA,NA,NA,NA,NA,NA,NA,NA,NA,NA,NA,NA,NA,NA,NA,NA,NA,NA,NA,NA,NA,NA,NA,NA,NA,NA,NA,NA,NA,NA,NA,NA,NA,NA,NA,NA,NA,NA,NA,NA,NA,NA,NA,NA,NA,NA,NA,NA,NA,NA,NA,NA,NA,NA,NA,NA,NA,NA,NA,NA,NA,NA,NA,NA,NA,NA,NA,NA,NA,NA,NA,NA,NA,NA,NA,NA,NA,NA,NA,NA,NA,NA,NA,NA,3e-04
"Wild boar",10,"ndvi_cv + slope + BB",343.52,11.33,0.00182904369866494,-161.771658228789,9.98888518221258,"NoSpatial",NA,NA,NA,NA,NA,NA,NA,NA,NA,NA,NA,NA,NA,NA,NA,NA,NA,NA,NA,NA,NA,NA,NA,NA,NA,NA,NA,NA,NA,NA,NA,NA,NA,NA,NA,NA,NA,NA,NA,NA,NA,NA,NA,NA,NA,NA,NA,NA,NA,NA,NA,NA,NA,NA,NA,NA,NA,NA,NA,NA,NA,NA,NA,NA,NA,NA,NA,NA,NA,NA,NA,NA,NA,NA,NA,NA,NA,NA,NA,NA,NA,NA,NA,NA,NA,NA,NA,NA,NA,NA,NA,NA,NA,NA,NA,NA,NA,NA,NA,NA,NA,NA,NA,NA,NA,NA,NA,NA,NA,NA,NA,NA,NA,NA,NA,NA,NA,NA,NA,NA,NA,NA,NA,NA,NA,NA,NA,NA,NA,NA,NA,NA,NA,NA,NA,NA,NA,NA,NA,NA,NA,NA,NA,NA,NA,NA,NA,NA,NA,NA,NA,NA,NA,NA,NA,NA,NA,NA,NA,NA,NA,NA,NA,NA,NA,NA,NA,NA,NA,NA,NA,NA,NA,NA,NA,NA,NA,NA,3e-04
