"Species","Rank","Type","Model_Covariates","Delta_wAIC","Weight","Parameter","Mean","SD","MCSE","Median","q2.5%","q5%","q10%","q25%","q50%","q75%","q90%","q95%","q97.5%"
"Banteng",1,"Spatial","dist_str + ndvi_cv + slope + BB",0,0.342,"beta0 (Intercept)",-3.80590081422238,0.671358959306863,0.0240661709155825,-3.76941579933426,-5.24093422369427,-4.97613242728882,-4.69379735706332,-4.22846465746389,-3.76941579933426,-3.34314651378845,-2.97733209809049,-2.76191965116074,-2.5915141156073
"Banteng",1,"Spatial","dist_str + ndvi_cv + slope + BB",0,0.342,"beta_dist_str",-1.40674446157016,0.597972217802377,0.0212851669972879,-1.37677279703096,-2.66587217304565,-2.41732828465232,-2.18466955781875,-1.79385137795731,-1.37677279703096,-0.985402449179314,-0.666753696961141,-0.492661860880588,-0.309674814545826
"Banteng",1,"Spatial","dist_str + ndvi_cv + slope + BB",0,0.342,"beta_ndvi_cv",1.22484389767429,0.437746860373203,0.0240661948898324,1.20995030041272,0.412753767553062,0.541947210018616,0.674847685087786,0.925353936120797,1.20995030041272,1.50827166784631,1.7885224357505,1.96758814329924,2.13972649442777
"Banteng",1,"Spatial","dist_str + ndvi_cv + slope + BB",0,0.342,"beta_slope",-0.251136138243442,0.432231275619289,0.0143131277338283,-0.214071044978572,-1.21497700376045,-1.02458012716173,-0.834482566294534,-0.513037189419384,-0.214071044978572,0.0475811975480262,0.275298859956968,0.39473242511293,0.510840725933735
"Banteng",1,"Spatial","dist_str + ndvi_cv + slope + BB",0,0.342,"beta_BB",-0.979357727507796,0.816577513413191,0.0129931747699631,-0.847193191475854,-2.89870412633309,-2.54695962893129,-2.11605210343897,-1.44370169810012,-0.847193191475854,-0.370405560180603,-0.0531502518707503,0.100842853032218,0.222405074184944
"Banteng",1,"Spatial","dist_str + ndvi_cv + slope + BB",0,0.342,"sigma_spatial (CAR SD)",1.40954484390608,0.0831737347714551,0.00138796502090743,1.43384271142364,1.18911482303517,1.2366969939647,1.29410680660874,1.37203584121637,1.43384271142364,1.47188936014116,1.49016220438137,1.49526336845831,1.49766786471416
"Banteng",2,"Spatial","dist_str + ndvi_cv + elev + BB + DE",1.11,0.196,"beta0 (Intercept)",-3.73945861348903,0.604401357206151,0.0196036608685828,-3.72144318766627,-4.98569427277456,-4.76757208787483,-4.52293852838899,-4.14352860631791,-3.72144318766627,-3.30749580490543,-2.97843750096386,-2.79747607313601,-2.63473990716764
"Banteng",2,"Spatial","dist_str + ndvi_cv + elev + BB + DE",1.11,0.196,"beta_dist_str",-1.18864668685722,0.639326849353348,0.0158535334049288,-1.16139536391798,-2.52904797659534,-2.27841025990106,-2.04205011446964,-1.59080954345082,-1.16139536391798,-0.749733726746307,-0.38209466031604,-0.176558516630711,-0.0177857483474909
"Banteng",2,"Spatial","dist_str + ndvi_cv + elev + BB + DE",1.11,0.196,"beta_ndvi_cv",1.31916329209405,0.476506302333007,0.0155371976347535,1.30938871147538,0.386593073109915,0.551811952917476,0.722772211499717,0.989308897350269,1.30938871147538,1.63630425074884,1.93957956226683,2.10590209184365,2.26505357075147
"Banteng",2,"Spatial","dist_str + ndvi_cv + elev + BB + DE",1.11,0.196,"beta_elev",-0.238697361740922,0.637850354459107,0.0244018342365797,-0.237825418488985,-1.49808084910169,-1.29030912090774,-1.07324428468859,-0.660197637211189,-0.237825418488985,0.191064582514177,0.575016135493149,0.816533778623273,1.02412332528159
"Banteng",2,"Spatial","dist_str + ndvi_cv + elev + BB + DE",1.11,0.196,"beta_BB",-1.03165492913403,0.792652217767144,0.0134053416181502,-0.904566096051562,-2.90435588435833,-2.51957684866246,-2.1201514379802,-1.49019317385705,-0.904566096051562,-0.448250730350787,-0.126509168608027,0.0381557635502262,0.15484068318349
"Banteng",2,"Spatial","dist_str + ndvi_cv + elev + BB + DE",1.11,0.196,"beta_DE",0.0949222387497595,0.632175686688185,0.017116914394486,0.143942656896293,-1.2705091004479,-1.02499129673504,-0.73880076604351,-0.286001778158271,0.143942656896293,0.536156651861861,0.851261115015072,1.04402402086774,1.19861177425676
"Banteng",2,"Spatial","dist_str + ndvi_cv + elev + BB + DE",1.11,0.196,"sigma_spatial (CAR SD)",1.41201910645307,0.0803681804320158,0.00123788738325859,1.43495509640079,1.20169432996326,1.24899859530357,1.3012025087836,1.37595038502328,1.43495509640079,1.47225696272951,1.4899854988027,1.49529193673259,1.4978788933705
"Banteng",3,"Spatial","dist_str + ndvi_cv + elev + slope + BB",1.32,0.177,"beta0 (Intercept)",-3.83869065249011,0.675054678123403,0.0217825735743794,-3.80836674780241,-5.25202361010854,-5.00898160822694,-4.71504071183503,-4.28195815319769,-3.80836674780241,-3.36504760792719,-2.99466147606796,-2.78049609451545,-2.57960304128563
"Banteng",3,"Spatial","dist_str + ndvi_cv + elev + slope + BB",1.32,0.177,"beta_dist_str",-1.38574372870492,0.651084777339878,0.0170247855070793,-1.3729552376978,-2.70025719345067,-2.49184891804746,-2.24280832339818,-1.80585828546837,-1.3729552376978,-0.93844973614931,-0.563507126122127,-0.341348764013556,-0.165238648035303
"Banteng",3,"Spatial","dist_str + ndvi_cv + elev + slope + BB",1.32,0.177,"beta_ndvi_cv",1.21133993124651,0.458544291169124,0.0163042757692277,1.20246508008918,0.332451827795246,0.468103639717967,0.624442371725075,0.894231117109753,1.20246508008918,1.51688575694399,1.81741759424607,1.97834230096053,2.12379101620196
"Banteng",3,"Spatial","dist_str + ndvi_cv + elev + slope + BB",1.32,0.177,"beta_elev",-0.0890585214390119,0.533666875901721,0.017656956025525,-0.0810104478326646,-1.13750561635962,-0.980088747115432,-0.776909999964464,-0.45125898627864,-0.0810104478326646,0.270563932785313,0.585895073185927,0.782167934388618,0.946172564154462
"Banteng",3,"Spatial","dist_str + ndvi_cv + elev + slope + BB",1.32,0.177,"beta_slope",-0.252126701018589,0.443161960903161,0.0128528511648066,-0.216568872897821,-1.2268045145857,-1.04319182909969,-0.854232731989533,-0.529744397408775,-0.216568872897821,0.0575258240559088,0.285392033275696,0.408233732005737,0.511890953404077
"Banteng",3,"Spatial","dist_str + ndvi_cv + elev + slope + BB",1.32,0.177,"beta_BB",-0.99363170890586,0.813231229092656,0.0136732876251304,-0.868311580473759,-2.86917137638362,-2.50213553414679,-2.10717681233987,-1.48000891143348,-0.868311580473759,-0.397434042026442,-0.0580395129712438,0.094509948561902,0.225287212547034
"Banteng",3,"Spatial","dist_str + ndvi_cv + elev + slope + BB",1.32,0.177,"sigma_spatial (CAR SD)",1.41290703637166,0.0786821574825661,0.00107659629378979,1.43424708192718,1.21106956095702,1.25366048479348,1.30110588907468,1.37719576510059,1.43424708192718,1.47242080880348,1.48994793061296,1.49535237890592,1.49791005833228
"Banteng",4,"Spatial","dist_str + ndvi_cv + elev + BB + DD",1.43,0.168,"beta0 (Intercept)",-3.67730957471519,0.611609202975193,0.0197357381725635,-3.65316451522348,-4.91990951666695,-4.72269688524355,-4.48575099919102,-4.0826316705803,-3.65316451522348,-3.25656262316696,-2.90696323791517,-2.71106657628751,-2.5644045562435
"Banteng",4,"Spatial","dist_str + ndvi_cv + elev + BB + DD",1.43,0.168,"beta_dist_str",-1.27773171446706,0.636167407833625,0.0168520431890545,-1.25220884021458,-2.5894810871654,-2.37127248916989,-2.11685377058787,-1.6799492283569,-1.25220884021458,-0.83999957646738,-0.487795021295898,-0.269861117661459,-0.0765190583531809
"Banteng",4,"Spatial","dist_str + ndvi_cv + elev + BB + DD",1.43,0.168,"beta_ndvi_cv",1.24793011501644,0.47805459915987,0.0211136651608391,1.24793053697997,0.316241879498653,0.483261252814497,0.642990607114708,0.925565632295779,1.24793053697997,1.55545749497662,1.85196558903923,2.0416608922376,2.19490335193561
"Banteng",4,"Spatial","dist_str + ndvi_cv + elev + BB + DD",1.43,0.168,"beta_elev",-0.129802684803352,0.517496795835473,0.0152532831239449,-0.121827513610617,-1.15769319987597,-0.989757451199974,-0.797180005138244,-0.473339406676907,-0.121827513610617,0.216202881854439,0.527392976316563,0.699321879703689,0.865164408652847
"Banteng",4,"Spatial","dist_str + ndvi_cv + elev + BB + DD",1.43,0.168,"beta_BB",-1.05573744730823,0.800345815186216,0.0131399679054786,-0.92397853767782,-2.93231064368798,-2.56739385309204,-2.14372316111218,-1.52508581341206,-0.92397853767782,-0.466359974965264,-0.161277671477216,0.00563917908603495,0.132376070022489
"Banteng",4,"Spatial","dist_str + ndvi_cv + elev + BB + DD",1.43,0.168,"beta_DD",-0.251403453065086,0.426426791168294,0.00951317593273439,-0.175671331631457,-1.28708268878055,-1.07050314014062,-0.824505969448754,-0.478083805100971,-0.175671331631457,0.0488112243454126,0.219510733341331,0.308364943310938,0.371988625495644
"Banteng",4,"Spatial","dist_str + ndvi_cv + elev + BB + DD",1.43,0.168,"sigma_spatial (CAR SD)",1.41607182054947,0.0768843032892333,0.00125829683559014,1.43860596234862,1.21270557075979,1.26517730745743,1.30965079838433,1.37875584802322,1.43860596234862,1.47395381471264,1.49063029225769,1.49560493351267,1.4977836413033
"Gaur",1,"Spatial","ndvi_cv + elev + DE",0,0.661,"beta0 (Intercept)",-1.81220015769043,0.530057990668879,0.0142002559930346,-1.79598774893554,-2.95182270653249,-2.7319378622864,-2.51372066005106,-2.14552648010893,-1.79598774893554,-1.44150449278453,-1.15230119078479,-0.977855375836424,-0.852803716521236
"Gaur",1,"Spatial","ndvi_cv + elev + DE",0,0.661,"beta_ndvi_cv",1.06969523542096,0.502910988479021,0.0124268985141295,1.0578409357473,0.101080766376105,0.261635790529691,0.436523200202701,0.724111447244191,1.0578409357473,1.40811330455444,1.7146529974338,1.89869498552512,2.05983607242659
"Gaur",1,"Spatial","ndvi_cv + elev + DE",0,0.661,"beta_elev",-0.390454456575795,0.525330699273595,0.0172441979842698,-0.392313868631805,-1.41536979343352,-1.2363363729687,-1.04658025258603,-0.751598195420061,-0.392313868631805,-0.0359219586484699,0.294717093190084,0.474250572889911,0.644603490530008
"Gaur",1,"Spatial","ndvi_cv + elev + DE",0,0.661,"beta_DE",1.051167594127,0.405766655645274,0.00788859325523859,1.06198295438229,0.22732301997514,0.388580684002164,0.537804035379757,0.782885955211548,1.06198295438229,1.3188933761893,1.55899801938345,1.70864661814276,1.85330477753305
"Gaur",1,"Spatial","ndvi_cv + elev + DE",0,0.661,"sigma_spatial (CAR SD)",1.26929590451933,0.215608828581393,0.00389022464046019,1.33019120211878,0.706337216934387,0.846752799911071,0.973423306435555,1.18124094999113,1.33019120211878,1.42830335539326,1.47229492439963,1.48743119877645,1.49366886909688
"Gaur",2,"Spatial","ndvi_cv + elev + BB + DE",1.6,0.296,"beta0 (Intercept)",-2.04402637281369,0.555488513217348,0.0155730610857304,-2.02232399544424,-3.18275378770081,-2.98969485600404,-2.76333878227648,-2.40559729824172,-2.02232399544424,-1.66065330586378,-1.35819513635059,-1.16728681071107,-1.00416301137449
"Gaur",2,"Spatial","ndvi_cv + elev + BB + DE",1.6,0.296,"beta_ndvi_cv",1.03295286697937,0.476037899329372,0.0127182856669448,1.02314343273542,0.139652464181714,0.273151001584158,0.423581542673097,0.707651338205035,1.02314343273542,1.34225937306267,1.64292151757254,1.83986097188493,2.00615024313467
"Gaur",2,"Spatial","ndvi_cv + elev + BB + DE",1.6,0.296,"beta_elev",-0.442601614227274,0.515294954902523,0.014786272337223,-0.441450799505162,-1.45098532334525,-1.28697214400294,-1.11141887791202,-0.795211858774391,-0.441450799505162,-0.0950324021664539,0.220061191585225,0.403004455601057,0.56224457782834
"Gaur",2,"Spatial","ndvi_cv + elev + BB + DE",1.6,0.296,"beta_BB",-1.26631853854314,0.866090413661493,0.0126414771305182,-1.12609193285642,-3.2463427493645,-2.90556915380604,-2.46716856607779,-1.77801061026744,-1.12609193285642,-0.629123925862531,-0.273077223819135,-0.0947813047899007,0.0362958535435107
"Gaur",2,"Spatial","ndvi_cv + elev + BB + DE",1.6,0.296,"beta_DE",1.03866651465513,0.399090894823263,0.0073069341121627,1.03917360777483,0.236859908511473,0.362954313538296,0.531040194798306,0.775568122388895,1.03917360777483,1.31134161111097,1.53901563883685,1.68697734266588,1.81919024935947
"Gaur",2,"Spatial","ndvi_cv + elev + BB + DE",1.6,0.296,"sigma_spatial (CAR SD)",1.25323907367023,0.22786386889327,0.00446071048703208,1.31692161409905,0.647282061387804,0.78749419499066,0.949615097513848,1.15291396357637,1.31692161409905,1.42140378206412,1.47039165723983,1.48587260945274,1.49285771518842
"Muntjac",1,"NoSpatial","elev + slope",0,0.208,"beta0 (Intercept)",0.855919525176691,0.12669189583944,0.0019588196810591,0.859867670931744,0.603854607381021,0.644225373279999,0.691706645676915,0.769082140803491,0.859867670931744,0.940740266786616,1.01708601222013,1.06133738068679,1.10235502097346
"Muntjac",1,"NoSpatial","elev + slope",0,0.208,"beta_elev",-0.18133514462448,0.104823334560759,0.00144702260602931,-0.180567491384503,-0.386173561062032,-0.355154854393122,-0.316200404387871,-0.251457584520263,-0.180567491384503,-0.108876555417541,-0.0471515676076293,-0.0107106461022874,0.0229456967534775
"Muntjac",1,"NoSpatial","elev + slope",0,0.208,"beta_slope",-0.43153118953121,0.116254615931005,0.00168598187371943,-0.430401874666128,-0.661477747811284,-0.622748580931139,-0.57990768564457,-0.507653824940204,-0.430401874666128,-0.352075997948478,-0.284384224688127,-0.243095501342442,-0.204326136199665
"Muntjac",2,"NoSpatial","slope",0.23,0.186,"beta0 (Intercept)",0.943395878764561,0.115688106232824,0.00162468485340099,0.94684429987641,0.7052435497725,0.748621523003902,0.792851718393172,0.868241281654956,0.94684429987641,1.0224402259815,1.08957342203353,1.12855150900857,1.16183997019647
"Muntjac",2,"NoSpatial","slope",0.23,0.186,"beta_slope",-0.495326333741828,0.111394998654872,0.00148205621097118,-0.493177266190712,-0.716482836319017,-0.681167411511723,-0.640438007522287,-0.570082845201525,-0.493177266190712,-0.421177254575952,-0.351015772992467,-0.312918371270216,-0.279833041273123
"Muntjac",3,"NoSpatial","dist_str + elev + slope",0.5,0.162,"beta0 (Intercept)",0.877168363505508,0.126335378640542,0.00199000685008502,0.880374931607762,0.626375364202459,0.661533406126006,0.714225447476053,0.795869312319236,0.880374931607762,0.964937614819368,1.03501083303662,1.08283041279767,1.11786277260888
"Muntjac",3,"NoSpatial","dist_str + elev + slope",0.5,0.162,"beta_dist_str",0.187762321907495,0.115703902055218,0.00160388276553402,0.187788562264849,-0.0471336449718457,-0.00424819225152414,0.0394303728760637,0.111412260804285,0.187788562264849,0.266341846974777,0.33429909748238,0.374520434786691,0.41331345591747
"Muntjac",3,"NoSpatial","dist_str + elev + slope",0.5,0.162,"beta_elev",-0.294304630822866,0.125545631063284,0.00191352147807731,-0.295516704719852,-0.539375975876309,-0.502006780692175,-0.454990976209453,-0.376900561320592,-0.295516704719852,-0.207810129039005,-0.135166309709817,-0.0865564802847535,-0.0488348662591891
"Muntjac",3,"NoSpatial","dist_str + elev + slope",0.5,0.162,"beta_slope",-0.412877670236852,0.115058416007179,0.00171822624047636,-0.410645273973791,-0.643650844782273,-0.604586837879481,-0.558422813641223,-0.489402149142793,-0.410645273973791,-0.334294077781134,-0.267894655573187,-0.227581889068772,-0.195469049166485
"Muntjac",4,"NoSpatial","dist_str + elev + slope + BB",0.82,0.138,"beta0 (Intercept)",0.53355295706976,0.263749730730155,0.0053011721727731,0.544005544287661,-0.0218583337157688,0.0831748117569252,0.18736232682134,0.359707904698562,0.544005544287661,0.721713833757528,0.874839722373347,0.94367709121161,0.993567356649922
"Muntjac",4,"NoSpatial","dist_str + elev + slope + BB",0.82,0.138,"beta_dist_str",0.308139830295464,0.134842628780368,0.00211598029755934,0.308991189125296,0.0421757558833731,0.0826980565214597,0.131372336852027,0.218217261879594,0.308991189125296,0.400822925873709,0.48139471133469,0.530241569521086,0.566703167194221
"Muntjac",4,"NoSpatial","dist_str + elev + slope + BB",0.82,0.138,"beta_elev",-0.453760036159662,0.157632048494693,0.00279133698751905,-0.4571593480104,-0.752519340369864,-0.709981412498429,-0.654937936237017,-0.560958301091822,-0.4571593480104,-0.349837747503831,-0.248662606996969,-0.189624451100575,-0.136321567324644
"Muntjac",4,"NoSpatial","dist_str + elev + slope + BB",0.82,0.138,"beta_slope",-0.357295119059731,0.121240794492948,0.00193258937884403,-0.353856202282523,-0.605435630617902,-0.562010942581133,-0.510725472410441,-0.435545520450457,-0.353856202282523,-0.27652551558241,-0.203963686285881,-0.162169798572513,-0.126300568241246
"Muntjac",4,"NoSpatial","dist_str + elev + slope + BB",0.82,0.138,"beta_BB",-1.58361175574543,1.06332141702105,0.0215946660419468,-1.56238133415166,-3.78352371318598,-3.40818108186216,-2.96437504019194,-2.28819636181098,-1.56238133415166,-0.826343929710424,-0.0907202683686671,0.0974719394031158,0.193077209275811
"Muntjac",5,"NoSpatial","slope + DE",0.94,0.13,"beta0 (Intercept)",0.944463211212559,0.114663491835175,0.00172236148006515,0.946867969860281,0.70739629335847,0.749363991127024,0.798102824134917,0.869482031143698,0.946867969860281,1.0240444349916,1.08779409003951,1.12555886357395,1.16414046329457
"Muntjac",5,"NoSpatial","slope + DE",0.94,0.13,"beta_slope",-0.431678094139375,0.115658272813167,0.00179841017065831,-0.429079327910261,-0.66871186119662,-0.628158091637043,-0.581324039357156,-0.508620884519002,-0.429079327910261,-0.35207899831927,-0.284061827688005,-0.247690610967814,-0.217702083114957
"Muntjac",5,"NoSpatial","slope + DE",0.94,0.13,"beta_DE",-0.18623246934682,0.116706249157254,0.00150667119794792,-0.18116751488721,-0.426957152910344,-0.38315354923302,-0.338087905451062,-0.263448270042439,-0.18116751488721,-0.104698132958169,-0.0400103512961683,-0.00676548357770312,0.0277286745554307
"Muntjac",6,"NoSpatial","ndvi_cv + slope",1.67,0.09,"beta0 (Intercept)",0.897414191820896,0.124148107221493,0.0018599671088193,0.900853270067055,0.646795383519097,0.691341364977321,0.738561858964363,0.814668914449103,0.900853270067055,0.983834194538977,1.05580515104504,1.0958968869174,1.13183859951485
"Muntjac",6,"NoSpatial","ndvi_cv + slope",1.67,0.09,"beta_ndvi_cv",0.0956317016005188,0.0831988624119659,0.00111232557453726,0.0935069262637699,-0.0662876718319951,-0.0388460163503531,-0.00820118436560629,0.0393866913566133,0.0935069262637699,0.151542585483744,0.202771975625562,0.234611470161192,0.26118217781987
"Muntjac",6,"NoSpatial","ndvi_cv + slope",1.67,0.09,"beta_slope",-0.495512798181371,0.113467917565147,0.00161534756646915,-0.492570534994595,-0.722272694423008,-0.689048697781536,-0.643471840802275,-0.573234525165072,-0.492570534994595,-0.41568978613672,-0.353479722490485,-0.315092173429693,-0.279787933341929
"Muntjac",7,"Spatial","slope + DE",1.78,0.086,"beta0 (Intercept)",0.913872881163079,0.139259852292583,0.0046793945915338,0.91287575371173,0.63557280596603,0.683325569808336,0.739689158286125,0.822053240990398,0.91287575371173,1.01240943332693,1.08895854276036,1.13669958494304,1.17557535888391
"Muntjac",7,"Spatial","slope + DE",1.78,0.086,"beta_slope",-0.39179276158434,0.139090923321871,0.00377486994464274,-0.391875797135689,-0.664310447745129,-0.617281704954949,-0.568582078030073,-0.483738148426577,-0.391875797135689,-0.298201857494856,-0.214350695116141,-0.161559614107595,-0.118870040292992
"Muntjac",7,"Spatial","slope + DE",1.78,0.086,"beta_DE",-0.196581542989523,0.142210871037698,0.00410023988519815,-0.18690387003373,-0.493346049625671,-0.439467925138722,-0.384429862078985,-0.288853136580888,-0.18690387003373,-0.0962342824562942,-0.0205492727897415,0.0211677676881445,0.0521774345302807
"Muntjac",7,"Spatial","slope + DE",1.78,0.086,"sigma_spatial (CAR SD)",0.55984695158786,0.256247836719261,0.0146603117710692,0.557354620599809,0.0513983202302224,0.114288543794726,0.209728459517987,0.394287732546291,0.557354620599809,0.731847634600498,0.88750286348277,0.97808428819026,1.06775039998314
"Sambar deer",1,"Spatial","dist_str + ndvi_cv + elev + BB + DD",0,0.399,"beta0 (Intercept)",-1.03425500231896,0.358952191700612,0.0130635522819429,-1.01694047010045,-1.77853058240173,-1.65584851193643,-1.50883702323104,-1.26486312734801,-1.01694047010045,-0.794363031954895,-0.582877598330039,-0.461489969058006,-0.358960168475718
"Sambar deer",1,"Spatial","dist_str + ndvi_cv + elev + BB + DD",0,0.399,"beta_dist_str",-0.0685057760192545,0.330482486457655,0.0117434583538141,-0.0633004439529958,-0.708644143252097,-0.609976788981615,-0.491569340594414,-0.291682054641564,-0.0633004439529958,0.153900802746626,0.348016086106779,0.474024459852076,0.584401656951482
"Sambar deer",1,"Spatial","dist_str + ndvi_cv + elev + BB + DD",0,0.399,"beta_ndvi_cv",-1.23909231389496,0.332116370739334,0.0138139548140632,-1.23873676763538,-1.90459760831379,-1.78366611436896,-1.66524332125809,-1.45988686237969,-1.23873676763538,-1.01922278122388,-0.820348601542553,-0.703685893129191,-0.593622030539952
"Sambar deer",1,"Spatial","dist_str + ndvi_cv + elev + BB + DD",0,0.399,"beta_elev",-2.2377153550239,0.401708046082406,0.0168194300056128,-2.23927124333032,-3.04143060793744,-2.91104307016463,-2.7507619314414,-2.50651765609363,-2.23927124333032,-1.96534310747483,-1.72971713659215,-1.57640087552183,-1.46861988105195
"Sambar deer",1,"Spatial","dist_str + ndvi_cv + elev + BB + DD",0,0.399,"beta_BB",-1.54691909524851,0.926274478170133,0.0266284122873608,-1.46474828787366,-3.57687090598858,-3.19506873079157,-2.79900947739971,-2.12144902064629,-1.46474828787366,-0.872350435068787,-0.415500496225706,-0.190078269550811,0.00193622850427884
"Sambar deer",1,"Spatial","dist_str + ndvi_cv + elev + BB + DD",0,0.399,"beta_DD",-0.584672945078837,0.573587669169929,0.0141181997308238,-0.484483130714939,-1.99515026339258,-1.66014081803321,-1.34328827718525,-0.869679291750445,-0.484483130714939,-0.180888333410824,0.0324492232664016,0.143155357901348,0.237217343631726
"Sambar deer",1,"Spatial","dist_str + ndvi_cv + elev + BB + DD",0,0.399,"sigma_spatial (CAR SD)",1.33097522882499,0.133589252643569,0.00203794583856133,1.36003074757728,1.00823082359362,1.07221857467473,1.14178937779011,1.25415839912912,1.36003074757728,1.43736446399816,1.47733776061608,1.4885180977954,1.49405406814077
"Sambar deer",2,"Spatial","ndvi_cv + elev + BB",0.95,0.248,"beta0 (Intercept)",-0.934314098145581,0.352178971483773,0.012357350837311,-0.922010259640105,-1.63994734753558,-1.53033388009023,-1.38674570012618,-1.16744264009148,-0.922010259640105,-0.695627448649349,-0.492632085395667,-0.367344363495482,-0.2556664540804
"Sambar deer",2,"Spatial","ndvi_cv + elev + BB",0.95,0.248,"beta_ndvi_cv",-1.32235221640882,0.307058411103006,0.0104517715582218,-1.31539931930972,-1.94205630415269,-1.84671222999325,-1.7233881385377,-1.52041648697351,-1.31539931930972,-1.11083749563022,-0.938915720756606,-0.831814830972505,-0.745318452144298
"Sambar deer",2,"Spatial","ndvi_cv + elev + BB",0.95,0.248,"beta_elev",-2.33398769895779,0.333820709377105,0.0136023572431799,-2.33718440229806,-2.99544152094409,-2.88284458405413,-2.75651781111253,-2.55625110431266,-2.33718440229806,-2.10784630825841,-1.90939016371535,-1.78771806344825,-1.67492597651964
"Sambar deer",2,"Spatial","ndvi_cv + elev + BB",0.95,0.248,"beta_BB",-1.62236728177561,0.915542029166433,0.0225018393170465,-1.53781675421262,-3.58570737832023,-3.27005111625506,-2.85696450667389,-2.18583088566331,-1.53781675421262,-0.961273172012787,-0.494448059631446,-0.253054863266215,-0.0910818649159483
"Sambar deer",2,"Spatial","ndvi_cv + elev + BB",0.95,0.248,"sigma_spatial (CAR SD)",1.31017540116161,0.148703420674579,0.0025208461919954,1.34375176769588,0.956399945026821,1.02196716045632,1.10036416836019,1.22388969727614,1.34375176769588,1.42881163803908,1.47113364919242,1.48557089931348,1.49283647759572
"Sambar deer",3,"Spatial","ndvi_cv + elev + BB + DD",1.5,0.188,"beta0 (Intercept)",-1.00159749274359,0.360925912364285,0.0132049355502289,-0.991313775438551,-1.74985130603972,-1.61141938863892,-1.46839188082327,-1.23462174956108,-0.991313775438551,-0.759863903513805,-0.547676216306175,-0.423805382988206,-0.324581835528086
"Sambar deer",3,"Spatial","ndvi_cv + elev + BB + DD",1.5,0.188,"beta_ndvi_cv",-1.24524228735622,0.312426798106685,0.0108037355189096,-1.2447507751403,-1.87630615317894,-1.76491118615792,-1.64122469676699,-1.45203042785248,-1.2447507751403,-1.03350895775394,-0.854576865459237,-0.740740068488813,-0.637847970101632
"Sambar deer",3,"Spatial","ndvi_cv + elev + BB + DD",1.5,0.188,"beta_elev",-2.23770783528232,0.331147904293174,0.0122231593547523,-2.24042613753369,-2.8835937925897,-2.772775374302,-2.66585302278534,-2.46585740109431,-2.24042613753369,-2.01317841037071,-1.80409084790637,-1.68740529112587,-1.60115944585377
"Sambar deer",3,"Spatial","ndvi_cv + elev + BB + DD",1.5,0.188,"beta_BB",-1.64891339172946,0.958290407761261,0.0271717361683914,-1.54713224506108,-3.76097553263382,-3.37475564321759,-2.92050123115422,-2.23933454885128,-1.54713224506108,-0.944666890263192,-0.492446599466615,-0.262096219080506,-0.0793472446805083
"Sambar deer",3,"Spatial","ndvi_cv + elev + BB + DD",1.5,0.188,"beta_DD",-0.573988601830146,0.567907995948141,0.0143796678670901,-0.473736667085969,-1.97428868934432,-1.66160451255138,-1.30851017388809,-0.854985153484028,-0.473736667085969,-0.176240819682087,0.0295809410539085,0.137430901282535,0.232460825957366
"Sambar deer",3,"Spatial","ndvi_cv + elev + BB + DD",1.5,0.188,"sigma_spatial (CAR SD)",1.31927409066404,0.142908040210321,0.00242678166720196,1.35030617014167,0.974413722420739,1.04148909417631,1.11433322085883,1.2369087747954,1.35030617014167,1.43289799068356,1.47506319166836,1.48844887184561,1.4944163226182
"Wild boar",1,"Spatial","slope",0,0.527,"beta0 (Intercept)",-0.236488592190893,0.24016059493399,0.00583450116508074,-0.231931330302922,-0.728865935072885,-0.647683516803916,-0.545993184694666,-0.389032232169033,-0.231931330302922,-0.0699944164394322,0.0660974554621106,0.148041933385602,0.212736979921273
"Wild boar",1,"Spatial","slope",0,0.527,"beta_slope",0.477161836762231,0.248926770852669,0.00472486032054607,0.478579410058074,-0.0195647339698003,0.0631718672969166,0.156326443332089,0.30930295590451,0.478579410058074,0.648585388590384,0.793534987244124,0.881424387405486,0.958833004538448
"Wild boar",1,"Spatial","slope",0,0.527,"sigma_spatial (CAR SD)",1.14570560339117,0.252452716837753,0.00529864090090783,1.18627124760295,0.559321424879154,0.674463578185596,0.791344135011091,0.993618885126661,1.18627124760295,1.34385253611085,1.4366128038525,1.46584194343347,1.4820538096769
"Wild boar",2,"Spatial","slope + BB",0.68,0.375,"beta0 (Intercept)",-0.377767923538332,0.296140061309126,0.00661638941297272,-0.360037430807635,-1.01366858009195,-0.889619426504829,-0.761436064489401,-0.566265742877835,-0.360037430807635,-0.175951116125142,-0.0071547824464083,0.0859634947535187,0.158746363064006
"Wild boar",2,"Spatial","slope + BB",0.68,0.375,"beta_slope",0.461363152208728,0.249552552455698,0.00444467616841704,0.463223136519346,-0.0348584376623091,0.047146084202156,0.13609005313419,0.296389911721968,0.463223136519346,0.628330760657514,0.780066758730568,0.875452651745724,0.940556264167168
"Wild boar",2,"Spatial","slope + BB",0.68,0.375,"beta_BB",-0.791535970281516,0.956218545779442,0.0248194367237151,-0.575089843314024,-3.06471879433968,-2.63284825426283,-2.14775460521162,-1.37573931941564,-0.575089843314024,-0.0270668490381213,0.22508354379698,0.348299457072232,0.447617983705569
"Wild boar",2,"Spatial","slope + BB",0.68,0.375,"sigma_spatial (CAR SD)",1.11993288664011,0.280282107618461,0.00803276299384613,1.17474145209111,0.447407327437769,0.57357910393476,0.730906919582898,0.953702662415967,1.17474145209111,1.34463247870091,1.43601011152913,1.46709529833122,1.48226483074424
