"Species","Metric","Mean","SD","MCSE","Median","q2.5%","q5%","q10%","q25%","q50%","q75%","q90%","q95%","q97.5%"
"Banteng","Cluster Density (groups/km2)",0.425772810710197,0.389082478821229,0.00912074769760608,0.351215120366737,0.185240434139563,0.20317808429295,0.226262362734606,0.274379158108153,0.351215120366737,0.469354519283368,0.660481984355881,0.846695244486476,1.04555165559701
"Banteng","Total Cluster Abundance",1282.0019330484,1171.52734373072,27.4625713174919,1057.50872742424,557.758947194225,611.769211806073,681.275974193899,826.155645063649,1057.50872742424,1413.22645756222,1988.71125489556,2549.39938114878,3148.15603500261
"Banteng","Individual Density (ind/km2)",0.993469891657127,0.907859117249535,0.0212817446277475,0.819501947522386,0.432227679658981,0.47408219668355,0.527945513047414,0.64021803558569,0.819501947522386,1.09516054499453,1.54112463016372,1.97562223713511,2.43962052972636
"Banteng","Total Individual Abundance",2991.33784377961,2733.56380203835,64.0793330741479,2467.5203639899,1301.43754345319,1427.46149421417,1589.64393978576,1927.69650514851,2467.5203639899,3297.52840097852,4640.32626142297,5948.59855601382,7345.69741500608
"Sambar deer","Cluster Density (groups/km2)",2.66754721917208,0.564424310792614,0.0240949004709558,2.58250890632802,1.83403608383224,1.93633427391604,2.06152831704869,2.28082156080498,2.58250890632802,2.94325449964286,3.38070621227189,3.7203329734526,3.99378129332688
"Sambar deer","Total Cluster Abundance",8031.98467692712,1699.48159979656,72.5497453180478,7775.93431695366,5522.28264841886,5830.3024987612,6207.26176263361,6867.55371958381,7775.93431695366,8862.13929842466,10179.3064051507,11201.9225830658,12025.2754742072
"Sambar deer","Individual Density (ind/km2)",3.10043865386228,0.656019484035275,0.0280050378280845,3.00160026393388,2.1316647465594,2.25056395871821,2.39607457902589,2.65095488426895,3.00160026393388,3.42088790528666,3.92932958882479,4.32407121914446,4.64189492426151
"Sambar deer","Total Individual Abundance",9335.42078677933,1975.27466643021,84.3231689003626,9037.81839470491,6418.44255189035,6776.44807970052,7214.58055744696,7982.02515653381,9037.81839470491,10300.2934828181,11831.2113919514,13019.778440844,13976.7456169514
"Gaur","Cluster Density (groups/km2)",1.36603810430096,3.11942606557058,0.0464306186468912,0.992256775726004,0.46696987276809,0.519368940083584,0.596165663889848,0.749408415836153,0.992256775726004,1.40689206214501,2.13319412448172,2.98450109141983,4.30025176728647
"Gaur","Total Cluster Abundance",4113.14073205019,9392.59188343301,139.80259274579,2987.685151711,1406.04628690472,1563.81987859167,1795.05481397233,2256.46874008266,2987.685151711,4236.15199911863,6423.04750881447,8986.3327862651,12948.0580712996
"Gaur","Individual Density (ind/km2)",1.62217024885739,3.70431845286506,0.0551363596431834,1.17830492117463,0.554526723912107,0.616750616349256,0.707946725869194,0.889922493805432,1.17830492117463,1.6706843237972,2.53316802282205,3.54409504606104,5.10654897365268
"Gaur","Total Individual Abundance",4884.3546193096,11153.7028615767,166.015578885625,3547.87611765681,1669.67996569935,1857.03610582761,2131.62759159214,2679.55662884816,3547.87611765681,5030.43049895337,7627.36891671719,10671.2701836898,15375.8189596682
"Muntjac","Cluster Density (groups/km2)",4.02383150330358,0.366750526153378,0.00545932798134739,4.00697216768839,3.36759646332518,3.45271537967159,3.57025818101699,3.76748535400509,4.00697216768839,4.2584811485684,4.49667200013694,4.65719405191945,4.79213236337714
"Muntjac","Total Cluster Abundance",12115.7566564471,1104.28583424782,16.438036551837,12064.9931969098,10139.8329510721,10396.1260081912,10750.0473830422,11343.8984009093,12064.9931969098,12822.2867383395,13539.4793924123,14022.8112903295,14429.1105461286
"Muntjac","Individual Density (ind/km2)",4.27911990683644,0.390018686422927,0.00580569017955977,4.26119094569883,3.58125061960865,3.67176982974139,3.79677002935946,4.0065101045613,4.26119094569883,4.52865668971625,4.78195934757765,4.95266557787205,5.09616493023793
"Muntjac","Total Individual Abundance",12884.4300394845,1174.34626481943,17.4809331306545,12830.4459374992,10783.1456156417,11055.6989573513,11432.0745584013,12063.6019248341,12830.4459374992,13635.7852927356,14398.4795955563,14912.4760549727,15344.5526049464
"Wild boar","Cluster Density (groups/km2)",1.0507879756556,0.416259679992988,0.00928494438570766,0.964283778984658,0.554122605900034,0.599604945617882,0.663667709212147,0.791340368433015,0.964283778984658,1.19954497080079,1.51355339493543,1.77079780008639,2.11285972975199
"Wild boar","Total Cluster Abundance",3163.92259469901,1253.35789645889,27.9569675453658,2903.4584585228,1668.463166365,1805.41049125544,1998.30347243777,2382.72584935181,2903.4584585228,3611.82990708117,4557.30927215057,5331.87217606012,6361.82064628325
"Wild boar","Individual Density (ind/km2)",2.0843499189234,0.825695430805764,0.018417676568371,1.91275962716629,1.09916123465417,1.18938030196334,1.31645561991262,1.5697079439409,1.91275962716629,2.3794252699491,3.00229443913421,3.51256612804022,4.19108241475395
"Wild boar","Total Individual Abundance",6275.97760587836,2486.16894215615,55.4556241473649,5759.31923739769,3309.5744775437,3581.22408921162,3963.8478715569,4726.39061920605,5759.31923739769,7164.44948781675,9039.90855623311,10576.3366115291,12619.3491508242
