"Species","Species_Code","Old_Rank","Type","Covariates","Old_wAIC","Old_Delta_wAIC","New_wAIC","New_lppd","New_pWAIC","New_Delta_within_rerun","New_Rank_within_rerun"
"Banteng","BTG",1,"Spatial","dist_str + ndvi_cv + slope + BB",269.463672392477,0,270.551289487542,-125.314402081743,9.9612426620273,0,1
"Banteng","BTG",4,"Spatial","dist_str + ndvi_cv + elev + BB + DD",270.890854225032,1.42718183255562,270.801015628721,-125.202365253707,10.1981425606534,0.249726141179508,2
"Banteng","BTG",2,"Spatial","dist_str + ndvi_cv + elev + BB + DE",270.57533659494,1.11166420246303,271.057858220987,-125.26882259975,10.260106510743,0.506568733445079,3
"Banteng","BTG",3,"Spatial","dist_str + ndvi_cv + elev + slope + BB",270.788081216142,1.32440882366575,271.715044045689,-125.412444226906,10.4450777959383,1.16375455814756,4
"Gaur","GAR",2,"Spatial","ndvi_cv + elev + BB + DE",164.042217262013,1.60423522065318,163.903141333028,-71.7142468662698,10.237323800244,0,1
"Gaur","GAR",1,"Spatial","ndvi_cv + elev + DE",162.43798204136,0,165.907228278057,-72.3176034401702,10.6360106988581,2.00408694502912,2
"Muntjac","MJK",2,"NoSpatial","slope",692.44439033533,0.228260229501984,785.633957970089,-385.812129576924,7.00484940812057,0,1
"Muntjac","MJK",1,"NoSpatial","elev + slope",692.216130105828,0,785.873945412495,-383.775586503053,9.16138620319409,0.239987442405663,2
"Muntjac","MJK",5,"NoSpatial","slope + DE",693.157569412053,0.941439306224993,786.408913437709,-384.000931269665,9.20352544918902,0.774955467619407,3
"Muntjac","MJK",3,"NoSpatial","dist_str + elev + slope",692.714721564312,0.498591458483929,786.439980224421,-381.922433098785,11.297557013425,0.806022254331538,4
"Muntjac","MJK",6,"NoSpatial","ndvi_cv + slope",693.884563060001,1.668432954173,787.538921933222,-384.795420958993,8.97404000761789,1.9049639631329,5
"Muntjac","MJK",4,"NoSpatial","dist_str + elev + slope + BB",693.033810573851,0.817680468023013,787.539279504326,-380.065864764837,13.7037749873259,1.90532153423715,6
"Muntjac","MJK",7,"Spatial","slope + DE",693.99392170664,1.77779160081161,794.066206698494,-366.752222101897,30.2808812473504,8.43224872840528,7
"Sambar deer","SBR",2,"Spatial","ndvi_cv + elev + BB",513.536649406273,0.946483261242975,551.871668357294,-247.003790811377,28.9320433672695,0,1
"Sambar deer","SBR",3,"Spatial","ndvi_cv + elev + BB + DD",514.092300597536,1.50213445250586,553.111412687455,-246.991001266855,29.5647050768728,1.23974433016178,2
"Sambar deer","SBR",1,"Spatial","dist_str + ndvi_cv + elev + BB + DD",512.59016614503,0,553.65208750991,-246.703177366563,30.1228663883925,1.78041915261679,3
"Wild boar","PIG",1,"Spatial","slope",332.193134914453,0,329.922086977732,-147.430839927657,17.5302035612093,0,1
"Wild boar","PIG",2,"Spatial","slope + BB",332.874441092736,0.681306178282853,332.2218855991,-147.818957589161,18.2919852103893,2.29979862136776,2
