"Species","Species_Code","Ranks","Type","Covariates","Parameter","Median","Rhat","ESS","Rhat_coda_PSRF","Plot_File"
"Banteng","BTG","1","Spatial","dist_str + ndvi_cv + slope + BB","beta0 (intercept)",-3.769,1.0049,1196.8,1.0076,"Traceplot_BTG_Rank1.png"
"Banteng","BTG","1","Spatial","dist_str + ndvi_cv + slope + BB","beta[1]  dist_str",-1.377,1.0054,1452.6,1.0081,"Traceplot_BTG_Rank1.png"
"Banteng","BTG","1","Spatial","dist_str + ndvi_cv + slope + BB","beta[2]  ndvi_cv",1.21,1.0008,522.7,1.002,"Traceplot_BTG_Rank1.png"
"Banteng","BTG","1","Spatial","dist_str + ndvi_cv + slope + BB","beta[4]  slope",-0.2141,1.0052,1051.3,1.0079,"Traceplot_BTG_Rank1.png"
"Banteng","BTG","1","Spatial","dist_str + ndvi_cv + slope + BB","beta[5]  BB",-0.8472,1,3950.1,1.0001,"Traceplot_BTG_Rank1.png"
"Banteng","BTG","1","Spatial","dist_str + ndvi_cv + slope + BB","sigma0",3.801,1,3445.8,1.0022,"Traceplot_BTG_Rank1.png"
"Banteng","BTG","1","Spatial","dist_str + ndvi_cv + slope + BB","p",0.03388,1.0001,3679.7,1.0074,"Traceplot_BTG_Rank1.png"
"Banteng","BTG","1","Spatial","dist_str + ndvi_cv + slope + BB","muc",1.794,1,5939.7,1.0001,"Traceplot_BTG_Rank1.png"
"Banteng","BTG","1","Spatial","dist_str + ndvi_cv + slope + BB","AGS",2.152,1,5948.4,1.0001,"Traceplot_BTG_Rank1.png"
"Banteng","BTG","1","Spatial","dist_str + ndvi_cv + slope + BB","TOTAL_ABUND (log10 axis)",2468,1,1773.3,1.0524,"Traceplot_BTG_Rank1.png"
"Banteng","BTG","1","Spatial","dist_str + ndvi_cv + slope + BB","sigma_spatial",1.434,1,4096.8,0.9999,"Traceplot_BTG_Rank1.png"
"Banteng","BTG","1","Spatial","dist_str + ndvi_cv + slope + BB","b_spatial[2700]  (worst-Rhat grid)",0.218,1.0079,252.3,1.0115,"Traceplot_BTG_Rank1.png"
"Banteng","BTG","2","Spatial","dist_str + ndvi_cv + elev + BB + DE","beta0 (intercept)",-3.721,1.0013,1341.6,1.0031,"Traceplot_BTG_Rank2.png"
"Banteng","BTG","2","Spatial","dist_str + ndvi_cv + elev + BB + DE","beta[1]  dist_str",-1.161,1.0013,1465.6,1.0019,"Traceplot_BTG_Rank2.png"
"Banteng","BTG","2","Spatial","dist_str + ndvi_cv + elev + BB + DE","beta[2]  ndvi_cv",1.309,1.0042,1046.4,1.006,"Traceplot_BTG_Rank2.png"
"Banteng","BTG","2","Spatial","dist_str + ndvi_cv + elev + BB + DE","beta[3]  elev",-0.2378,1.0016,727.7,1.0023,"Traceplot_BTG_Rank2.png"
"Banteng","BTG","2","Spatial","dist_str + ndvi_cv + elev + BB + DE","beta[5]  BB",-0.9046,1.0006,3658.2,1.0009,"Traceplot_BTG_Rank2.png"
"Banteng","BTG","2","Spatial","dist_str + ndvi_cv + elev + BB + DE","beta[7]  DE",0.1439,1.0001,1335.2,1.0004,"Traceplot_BTG_Rank2.png"
"Banteng","BTG","2","Spatial","dist_str + ndvi_cv + elev + BB + DE","sigma0",3.802,1,2036,1.0132,"Traceplot_BTG_Rank2.png"
"Banteng","BTG","2","Spatial","dist_str + ndvi_cv + elev + BB + DE","p",0.03566,1.0016,1307.2,1.0737,"Traceplot_BTG_Rank2.png"
"Banteng","BTG","2","Spatial","dist_str + ndvi_cv + elev + BB + DE","muc",1.795,1.0002,5868.3,1.0004,"Traceplot_BTG_Rank2.png"
"Banteng","BTG","2","Spatial","dist_str + ndvi_cv + elev + BB + DE","AGS",2.153,1.0002,5867.5,1.0004,"Traceplot_BTG_Rank2.png"
"Banteng","BTG","2","Spatial","dist_str + ndvi_cv + elev + BB + DE","TOTAL_ABUND (log10 axis)",2670,1.0006,2376.6,1.0313,"Traceplot_BTG_Rank2.png"
"Banteng","BTG","2","Spatial","dist_str + ndvi_cv + elev + BB + DE","sigma_spatial",1.435,1.0007,4770.7,1.0015,"Traceplot_BTG_Rank2.png"
"Banteng","BTG","2","Spatial","dist_str + ndvi_cv + elev + BB + DE","b_spatial[2806]  (worst-Rhat grid)",0.2619,1.0226,241.9,1.0326,"Traceplot_BTG_Rank2.png"
"Banteng","BTG","3","Spatial","dist_str + ndvi_cv + elev + slope + BB","beta0 (intercept)",-3.808,1,964.5,1.0004,"Traceplot_BTG_Rank3.png"
"Banteng","BTG","3","Spatial","dist_str + ndvi_cv + elev + slope + BB","beta[1]  dist_str",-1.373,1.0004,1448.8,1.0008,"Traceplot_BTG_Rank3.png"
"Banteng","BTG","3","Spatial","dist_str + ndvi_cv + elev + slope + BB","beta[2]  ndvi_cv",1.202,1.0011,701.5,1.0016,"Traceplot_BTG_Rank3.png"
"Banteng","BTG","3","Spatial","dist_str + ndvi_cv + elev + slope + BB","beta[3]  elev",-0.08101,1.0009,1072.5,1.0013,"Traceplot_BTG_Rank3.png"
"Banteng","BTG","3","Spatial","dist_str + ndvi_cv + elev + slope + BB","beta[4]  slope",-0.2166,1.0001,1196.3,1.0002,"Traceplot_BTG_Rank3.png"
"Banteng","BTG","3","Spatial","dist_str + ndvi_cv + elev + slope + BB","beta[5]  BB",-0.8683,1,3350,1.0002,"Traceplot_BTG_Rank3.png"
"Banteng","BTG","3","Spatial","dist_str + ndvi_cv + elev + slope + BB","sigma0",3.799,1,3687.9,1.0099,"Traceplot_BTG_Rank3.png"
"Banteng","BTG","3","Spatial","dist_str + ndvi_cv + elev + slope + BB","p",0.03426,1.0003,2562.3,1.0319,"Traceplot_BTG_Rank3.png"
"Banteng","BTG","3","Spatial","dist_str + ndvi_cv + elev + slope + BB","muc",1.799,1,5373.5,0.9999,"Traceplot_BTG_Rank3.png"
"Banteng","BTG","3","Spatial","dist_str + ndvi_cv + elev + slope + BB","AGS",2.156,1,5380.5,0.9999,"Traceplot_BTG_Rank3.png"
"Banteng","BTG","3","Spatial","dist_str + ndvi_cv + elev + slope + BB","TOTAL_ABUND (log10 axis)",2521,1.0008,1678.2,1.0289,"Traceplot_BTG_Rank3.png"
"Banteng","BTG","3","Spatial","dist_str + ndvi_cv + elev + slope + BB","sigma_spatial",1.434,1,5131.8,1.0002,"Traceplot_BTG_Rank3.png"
"Banteng","BTG","3","Spatial","dist_str + ndvi_cv + elev + slope + BB","b_spatial[324]  (worst-Rhat grid)",-0.6762,1.01,358,1.0141,"Traceplot_BTG_Rank3.png"
"Banteng","BTG","4","Spatial","dist_str + ndvi_cv + elev + BB + DD","beta0 (intercept)",-3.653,1.0009,1184.8,1.0013,"Traceplot_BTG_Rank4.png"
"Banteng","BTG","4","Spatial","dist_str + ndvi_cv + elev + BB + DD","beta[1]  dist_str",-1.252,1.0048,1418.3,1.0077,"Traceplot_BTG_Rank4.png"
"Banteng","BTG","4","Spatial","dist_str + ndvi_cv + elev + BB + DD","beta[2]  ndvi_cv",1.248,1.0048,683.6,1.0077,"Traceplot_BTG_Rank4.png"
"Banteng","BTG","4","Spatial","dist_str + ndvi_cv + elev + BB + DD","beta[3]  elev",-0.1218,1.0017,1169.4,1.0043,"Traceplot_BTG_Rank4.png"
"Banteng","BTG","4","Spatial","dist_str + ndvi_cv + elev + BB + DD","beta[5]  BB",-0.924,1.0002,3723.4,1.0009,"Traceplot_BTG_Rank4.png"
"Banteng","BTG","4","Spatial","dist_str + ndvi_cv + elev + BB + DD","beta[6]  DD",-0.1757,1.0015,1748,1.0032,"Traceplot_BTG_Rank4.png"
"Banteng","BTG","4","Spatial","dist_str + ndvi_cv + elev + BB + DD","sigma0",3.802,1,4290.4,1.0006,"Traceplot_BTG_Rank4.png"
"Banteng","BTG","4","Spatial","dist_str + ndvi_cv + elev + BB + DD","p",0.03494,1,3314.3,1.0045,"Traceplot_BTG_Rank4.png"
"Banteng","BTG","4","Spatial","dist_str + ndvi_cv + elev + BB + DD","muc",1.798,1,5502.1,1,"Traceplot_BTG_Rank4.png"
"Banteng","BTG","4","Spatial","dist_str + ndvi_cv + elev + BB + DD","AGS",2.155,1,5606.7,1,"Traceplot_BTG_Rank4.png"
"Banteng","BTG","4","Spatial","dist_str + ndvi_cv + elev + BB + DD","TOTAL_ABUND (log10 axis)",2271,1,2532.4,1.0157,"Traceplot_BTG_Rank4.png"
"Banteng","BTG","4","Spatial","dist_str + ndvi_cv + elev + BB + DD","sigma_spatial",1.439,1.0001,3802.1,1.001,"Traceplot_BTG_Rank4.png"
"Banteng","BTG","4","Spatial","dist_str + ndvi_cv + elev + BB + DD","b_spatial[2962]  (worst-Rhat grid)",0.2931,1.0197,336.4,1.0304,"Traceplot_BTG_Rank4.png"
"Gaur","GAR","1","Spatial","ndvi_cv + elev + DE","beta0 (intercept)",-1.796,1.0028,1743.2,1.004,"Traceplot_GAR_Rank1.png"
"Gaur","GAR","1","Spatial","ndvi_cv + elev + DE","beta[2]  ndvi_cv",1.058,1.0016,1520.4,1.0025,"Traceplot_GAR_Rank1.png"
"Gaur","GAR","1","Spatial","ndvi_cv + elev + DE","beta[3]  elev",-0.3923,1.0045,1204.6,1.0061,"Traceplot_GAR_Rank1.png"
"Gaur","GAR","1","Spatial","ndvi_cv + elev + DE","beta[7]  DE",1.062,1.0008,2534.2,1.0015,"Traceplot_GAR_Rank1.png"
"Gaur","GAR","1","Spatial","ndvi_cv + elev + DE","sigma0",3.083,1.0004,5166.1,1.0007,"Traceplot_GAR_Rank1.png"
"Gaur","GAR","1","Spatial","ndvi_cv + elev + DE","p",0.04073,1,4468.1,1.0011,"Traceplot_GAR_Rank1.png"
"Gaur","GAR","1","Spatial","ndvi_cv + elev + DE","muc",1.047,1,3934.2,0.9999,"Traceplot_GAR_Rank1.png"
"Gaur","GAR","1","Spatial","ndvi_cv + elev + DE","AGS",1.613,1,3924.2,0.9999,"Traceplot_GAR_Rank1.png"
"Gaur","GAR","1","Spatial","ndvi_cv + elev + DE","TOTAL_ABUND (log10 axis)",3548,1,4128.8,1.1312,"Traceplot_GAR_Rank1.png"
"Gaur","GAR","1","Spatial","ndvi_cv + elev + DE","sigma_spatial",1.33,1.0001,3330.1,1.0012,"Traceplot_GAR_Rank1.png"
"Gaur","GAR","1","Spatial","ndvi_cv + elev + DE","b_spatial[113]  (worst-Rhat grid)",0.4309,1.0157,272.1,1.0232,"Traceplot_GAR_Rank1.png"
"Gaur","GAR","2","Spatial","ndvi_cv + elev + BB + DE","beta0 (intercept)",-2.022,1.0017,1745.9,1.0024,"Traceplot_GAR_Rank2.png"
"Gaur","GAR","2","Spatial","ndvi_cv + elev + BB + DE","beta[2]  ndvi_cv",1.023,1.0008,1863.6,1.0021,"Traceplot_GAR_Rank2.png"
"Gaur","GAR","2","Spatial","ndvi_cv + elev + BB + DE","beta[3]  elev",-0.4415,1.0097,1336.3,1.0135,"Traceplot_GAR_Rank2.png"
"Gaur","GAR","2","Spatial","ndvi_cv + elev + BB + DE","beta[5]  BB",-1.126,1,4562.9,1.0001,"Traceplot_GAR_Rank2.png"
"Gaur","GAR","2","Spatial","ndvi_cv + elev + BB + DE","beta[7]  DE",1.039,1,2908.2,1.0001,"Traceplot_GAR_Rank2.png"
"Gaur","GAR","2","Spatial","ndvi_cv + elev + BB + DE","sigma0",3.081,1.0002,5722.2,1.0007,"Traceplot_GAR_Rank2.png"
"Gaur","GAR","2","Spatial","ndvi_cv + elev + BB + DE","p",0.03933,1,4474.9,1.0004,"Traceplot_GAR_Rank2.png"
"Gaur","GAR","2","Spatial","ndvi_cv + elev + BB + DE","muc",1.05,1,4091.1,1.0002,"Traceplot_GAR_Rank2.png"
"Gaur","GAR","2","Spatial","ndvi_cv + elev + BB + DE","AGS",1.615,1,4076.2,1.0003,"Traceplot_GAR_Rank2.png"
"Gaur","GAR","2","Spatial","ndvi_cv + elev + BB + DE","TOTAL_ABUND (log10 axis)",3214,1.0007,2705.5,1.063,"Traceplot_GAR_Rank2.png"
"Gaur","GAR","2","Spatial","ndvi_cv + elev + BB + DE","sigma_spatial",1.317,1,2792.2,1.0014,"Traceplot_GAR_Rank2.png"
"Gaur","GAR","2","Spatial","ndvi_cv + elev + BB + DE","b_spatial[69]  (worst-Rhat grid)",0.4914,1.0183,626.1,1.0261,"Traceplot_GAR_Rank2.png"
"Muntjac","MJK","1","NoSpatial","elev + slope","beta0 (intercept)",0.8599,1,4193,1,"Traceplot_MJK_Rank1.png"
"Muntjac","MJK","1","NoSpatial","elev + slope","beta[3]  elev",-0.1806,1.0002,5263,1.0004,"Traceplot_MJK_Rank1.png"
"Muntjac","MJK","1","NoSpatial","elev + slope","beta[4]  slope",-0.4304,1,4755,1,"Traceplot_MJK_Rank1.png"
"Muntjac","MJK","1","NoSpatial","elev + slope","sigma0",3.548,1.0002,4882.4,1.0006,"Traceplot_MJK_Rank1.png"
"Muntjac","MJK","1","NoSpatial","elev + slope","p",0.007383,1,3825.2,1,"Traceplot_MJK_Rank1.png"
"Muntjac","MJK","1","NoSpatial","elev + slope","muc",1.008,1.0012,4636,1.0051,"Traceplot_MJK_Rank1.png"
"Muntjac","MJK","1","NoSpatial","elev + slope","AGS",1.587,1.0012,4634.2,1.0051,"Traceplot_MJK_Rank1.png"
"Muntjac","MJK","1","NoSpatial","elev + slope","TOTAL_ABUND (log10 axis)",12830,1,4400.8,1.0003,"Traceplot_MJK_Rank1.png"
"Muntjac","MJK","2","NoSpatial","slope","beta0 (intercept)",0.9468,1,5071.9,1,"Traceplot_MJK_Rank2.png"
"Muntjac","MJK","2","NoSpatial","slope","beta[4]  slope",-0.4932,1.0001,5817.4,1.0002,"Traceplot_MJK_Rank2.png"
"Muntjac","MJK","2","NoSpatial","slope","sigma0",3.548,1,5005.9,1.0001,"Traceplot_MJK_Rank2.png"
"Muntjac","MJK","2","NoSpatial","slope","p",0.007355,1.0002,3783.5,1.0008,"Traceplot_MJK_Rank2.png"
"Muntjac","MJK","2","NoSpatial","slope","muc",1.008,1,3836.5,1.0007,"Traceplot_MJK_Rank2.png"
"Muntjac","MJK","2","NoSpatial","slope","AGS",1.587,1,3834.9,1.0007,"Traceplot_MJK_Rank2.png"
"Muntjac","MJK","2","NoSpatial","slope","TOTAL_ABUND (log10 axis)",13700,1,5458.9,1,"Traceplot_MJK_Rank2.png"
"Muntjac","MJK","3","NoSpatial","dist_str + elev + slope","beta0 (intercept)",0.8804,1,4238.2,1,"Traceplot_MJK_Rank3.png"
"Muntjac","MJK","3","NoSpatial","dist_str + elev + slope","beta[1]  dist_str",0.1878,1.0002,5218.5,1.0004,"Traceplot_MJK_Rank3.png"
"Muntjac","MJK","3","NoSpatial","dist_str + elev + slope","beta[3]  elev",-0.2955,1,4300.6,1.0002,"Traceplot_MJK_Rank3.png"
"Muntjac","MJK","3","NoSpatial","dist_str + elev + slope","beta[4]  slope",-0.4106,1.0001,4492,1.0002,"Traceplot_MJK_Rank3.png"
"Muntjac","MJK","3","NoSpatial","dist_str + elev + slope","sigma0",3.546,1,5022.8,1.0001,"Traceplot_MJK_Rank3.png"
"Muntjac","MJK","3","NoSpatial","dist_str + elev + slope","p",0.007237,1.0001,4052.7,1.001,"Traceplot_MJK_Rank3.png"
"Muntjac","MJK","3","NoSpatial","dist_str + elev + slope","muc",1.008,1,4136.8,1.0003,"Traceplot_MJK_Rank3.png"
"Muntjac","MJK","3","NoSpatial","dist_str + elev + slope","AGS",1.587,1,4135.1,1.0003,"Traceplot_MJK_Rank3.png"
"Muntjac","MJK","3","NoSpatial","dist_str + elev + slope","TOTAL_ABUND (log10 axis)",13360,1,4250.7,1.0004,"Traceplot_MJK_Rank3.png"
"Muntjac","MJK","4","NoSpatial","dist_str + elev + slope + BB","beta0 (intercept)",0.544,1.0009,2488.8,1.0014,"Traceplot_MJK_Rank4.png"
"Muntjac","MJK","4","NoSpatial","dist_str + elev + slope + BB","beta[1]  dist_str",0.309,1.0006,4069.6,1.001,"Traceplot_MJK_Rank4.png"
"Muntjac","MJK","4","NoSpatial","dist_str + elev + slope + BB","beta[3]  elev",-0.4572,1.001,3117.2,1.0018,"Traceplot_MJK_Rank4.png"
"Muntjac","MJK","4","NoSpatial","dist_str + elev + slope + BB","beta[4]  slope",-0.3539,1.0007,3818.1,1.0012,"Traceplot_MJK_Rank4.png"
"Muntjac","MJK","4","NoSpatial","dist_str + elev + slope + BB","beta[5]  BB",-1.562,1.0016,2449.9,1.0023,"Traceplot_MJK_Rank4.png"
"Muntjac","MJK","4","NoSpatial","dist_str + elev + slope + BB","sigma0",3.547,1,5421.1,0.9998,"Traceplot_MJK_Rank4.png"
"Muntjac","MJK","4","NoSpatial","dist_str + elev + slope + BB","p",0.007605,1,3439.8,1,"Traceplot_MJK_Rank4.png"
"Muntjac","MJK","4","NoSpatial","dist_str + elev + slope + BB","muc",1.008,1,3592.4,1.0006,"Traceplot_MJK_Rank4.png"
"Muntjac","MJK","4","NoSpatial","dist_str + elev + slope + BB","AGS",1.587,1,3589.5,1.0006,"Traceplot_MJK_Rank4.png"
"Muntjac","MJK","4","NoSpatial","dist_str + elev + slope + BB","TOTAL_ABUND (log10 axis)",13520,1.0003,4709.9,1.0008,"Traceplot_MJK_Rank4.png"
"Muntjac","MJK","5","NoSpatial","slope + DE","beta0 (intercept)",0.9469,1,4667.1,0.9999,"Traceplot_MJK_Rank5.png"
"Muntjac","MJK","5","NoSpatial","slope + DE","beta[4]  slope",-0.4291,1,4491.2,0.9998,"Traceplot_MJK_Rank5.png"
"Muntjac","MJK","5","NoSpatial","slope + DE","beta[7]  DE",-0.1812,1,6413.5,1.0001,"Traceplot_MJK_Rank5.png"
"Muntjac","MJK","5","NoSpatial","slope + DE","sigma0",3.547,1,4996.5,1.0001,"Traceplot_MJK_Rank5.png"
"Muntjac","MJK","5","NoSpatial","slope + DE","p",0.007202,1.0006,3563.3,1.0011,"Traceplot_MJK_Rank5.png"
"Muntjac","MJK","5","NoSpatial","slope + DE","muc",1.008,1.0007,4127.2,1.0029,"Traceplot_MJK_Rank5.png"
"Muntjac","MJK","5","NoSpatial","slope + DE","AGS",1.587,1.0007,4126.6,1.0029,"Traceplot_MJK_Rank5.png"
"Muntjac","MJK","5","NoSpatial","slope + DE","TOTAL_ABUND (log10 axis)",13760,1,4685.1,0.9999,"Traceplot_MJK_Rank5.png"
"Muntjac","MJK","6","NoSpatial","ndvi_cv + slope","beta0 (intercept)",0.9009,1,4452.6,1.0003,"Traceplot_MJK_Rank6.png"
"Muntjac","MJK","6","NoSpatial","ndvi_cv + slope","beta[2]  ndvi_cv",0.09351,1,5719.5,1.0003,"Traceplot_MJK_Rank6.png"
"Muntjac","MJK","6","NoSpatial","ndvi_cv + slope","beta[4]  slope",-0.4926,1,4951,1.0001,"Traceplot_MJK_Rank6.png"
"Muntjac","MJK","6","NoSpatial","ndvi_cv + slope","sigma0",3.546,1,4860.4,1.0001,"Traceplot_MJK_Rank6.png"
"Muntjac","MJK","6","NoSpatial","ndvi_cv + slope","p",0.007297,1,3862.5,1.0002,"Traceplot_MJK_Rank6.png"
"Muntjac","MJK","6","NoSpatial","ndvi_cv + slope","muc",1.008,1.0004,4003.1,1.002,"Traceplot_MJK_Rank6.png"
"Muntjac","MJK","6","NoSpatial","ndvi_cv + slope","AGS",1.587,1.0004,4000.6,1.002,"Traceplot_MJK_Rank6.png"
"Muntjac","MJK","6","NoSpatial","ndvi_cv + slope","TOTAL_ABUND (log10 axis)",13250,1,4563.4,1.0002,"Traceplot_MJK_Rank6.png"
"Muntjac","MJK","7","Spatial","slope + DE","beta0 (intercept)",0.9129,1.0006,978.8,1.0014,"Traceplot_MJK_Rank7.png"
"Muntjac","MJK","7","Spatial","slope + DE","beta[4]  slope",-0.3919,1,1403.6,0.9996,"Traceplot_MJK_Rank7.png"
"Muntjac","MJK","7","Spatial","slope + DE","beta[7]  DE",-0.1869,1,1347.6,0.9998,"Traceplot_MJK_Rank7.png"
"Muntjac","MJK","7","Spatial","slope + DE","sigma0",3.546,1,2626.3,1.0002,"Traceplot_MJK_Rank7.png"
"Muntjac","MJK","7","Spatial","slope + DE","p",0.006765,1,2171,1.0006,"Traceplot_MJK_Rank7.png"
"Muntjac","MJK","7","Spatial","slope + DE","muc",1.008,1.0006,2124.9,1.002,"Traceplot_MJK_Rank7.png"
"Muntjac","MJK","7","Spatial","slope + DE","AGS",1.587,1.0006,2124.3,1.002,"Traceplot_MJK_Rank7.png"
"Muntjac","MJK","7","Spatial","slope + DE","TOTAL_ABUND (log10 axis)",14050,1,919.5,1.0006,"Traceplot_MJK_Rank7.png"
"Muntjac","MJK","7","Spatial","slope + DE","sigma_spatial",0.5574,1.0014,457.7,1.006,"Traceplot_MJK_Rank7.png"
"Muntjac","MJK","7","Spatial","slope + DE","b_spatial[1093]  (worst-Rhat grid)",0.02733,1.0152,311.1,1.0212,"Traceplot_MJK_Rank7.png"
"Sambar deer","SBR","1","Spatial","dist_str + ndvi_cv + elev + BB + DD","beta0 (intercept)",-1.017,1,896.6,1.0002,"Traceplot_SBR_Rank1.png"
"Sambar deer","SBR","1","Spatial","dist_str + ndvi_cv + elev + BB + DD","beta[1]  dist_str",-0.0633,1,746.6,1.0002,"Traceplot_SBR_Rank1.png"
"Sambar deer","SBR","1","Spatial","dist_str + ndvi_cv + elev + BB + DD","beta[2]  ndvi_cv",-1.239,1.0065,693,1.0098,"Traceplot_SBR_Rank1.png"
"Sambar deer","SBR","1","Spatial","dist_str + ndvi_cv + elev + BB + DD","beta[3]  elev",-2.239,1.0011,535,1.0091,"Traceplot_SBR_Rank1.png"
"Sambar deer","SBR","1","Spatial","dist_str + ndvi_cv + elev + BB + DD","beta[5]  BB",-1.465,1,1282.4,1.0007,"Traceplot_SBR_Rank1.png"
"Sambar deer","SBR","1","Spatial","dist_str + ndvi_cv + elev + BB + DD","beta[6]  DD",-0.4845,1.0013,1696.8,1.0023,"Traceplot_SBR_Rank1.png"
"Sambar deer","SBR","1","Spatial","dist_str + ndvi_cv + elev + BB + DD","sigma0",3.358,1,4950.1,1,"Traceplot_SBR_Rank1.png"
"Sambar deer","SBR","1","Spatial","dist_str + ndvi_cv + elev + BB + DD","p",0.008156,1,4797.7,1.0003,"Traceplot_SBR_Rank1.png"
"Sambar deer","SBR","1","Spatial","dist_str + ndvi_cv + elev + BB + DD","muc",1.009,1.0005,3724.9,1.0021,"Traceplot_SBR_Rank1.png"
"Sambar deer","SBR","1","Spatial","dist_str + ndvi_cv + elev + BB + DD","AGS",1.588,1.0005,3721.7,1.0021,"Traceplot_SBR_Rank1.png"
"Sambar deer","SBR","1","Spatial","dist_str + ndvi_cv + elev + BB + DD","TOTAL_ABUND (log10 axis)",9038,1.002,602.5,1.0066,"Traceplot_SBR_Rank1.png"
"Sambar deer","SBR","1","Spatial","dist_str + ndvi_cv + elev + BB + DD","sigma_spatial",1.36,1,4492.2,0.9999,"Traceplot_SBR_Rank1.png"
"Sambar deer","SBR","1","Spatial","dist_str + ndvi_cv + elev + BB + DD","b_spatial[2931]  (worst-Rhat grid)",0.5818,1.0077,475.3,1.0106,"Traceplot_SBR_Rank1.png"
"Sambar deer","SBR","2","Spatial","ndvi_cv + elev + BB","beta0 (intercept)",-0.922,1.0033,842.7,1.0046,"Traceplot_SBR_Rank2.png"
"Sambar deer","SBR","2","Spatial","ndvi_cv + elev + BB","beta[2]  ndvi_cv",-1.315,1.0018,826.1,1.0038,"Traceplot_SBR_Rank2.png"
"Sambar deer","SBR","2","Spatial","ndvi_cv + elev + BB","beta[3]  elev",-2.337,1.0015,529.3,1.0027,"Traceplot_SBR_Rank2.png"
"Sambar deer","SBR","2","Spatial","ndvi_cv + elev + BB","beta[5]  BB",-1.538,1,1611,1,"Traceplot_SBR_Rank2.png"
"Sambar deer","SBR","2","Spatial","ndvi_cv + elev + BB","sigma0",3.356,1,4895.4,1.0001,"Traceplot_SBR_Rank2.png"
"Sambar deer","SBR","2","Spatial","ndvi_cv + elev + BB","p",0.008057,1,4215.4,1.0001,"Traceplot_SBR_Rank2.png"
"Sambar deer","SBR","2","Spatial","ndvi_cv + elev + BB","muc",1.009,1.0002,3418.8,1.0017,"Traceplot_SBR_Rank2.png"
"Sambar deer","SBR","2","Spatial","ndvi_cv + elev + BB","AGS",1.588,1.0002,3415,1.0017,"Traceplot_SBR_Rank2.png"
"Sambar deer","SBR","2","Spatial","ndvi_cv + elev + BB","TOTAL_ABUND (log10 axis)",9244,1.0101,534.1,1.0207,"Traceplot_SBR_Rank2.png"
"Sambar deer","SBR","2","Spatial","ndvi_cv + elev + BB","sigma_spatial",1.344,1,4031.6,1.0003,"Traceplot_SBR_Rank2.png"
"Sambar deer","SBR","2","Spatial","ndvi_cv + elev + BB","b_spatial[2737]  (worst-Rhat grid)",0.6404,1.0076,508.6,1.0114,"Traceplot_SBR_Rank2.png"
"Sambar deer","SBR","3","Spatial","ndvi_cv + elev + BB + DD","beta0 (intercept)",-0.9913,1,798.1,1.0009,"Traceplot_SBR_Rank3.png"
"Sambar deer","SBR","3","Spatial","ndvi_cv + elev + BB + DD","beta[2]  ndvi_cv",-1.245,1.0017,1038.5,1.0039,"Traceplot_SBR_Rank3.png"
"Sambar deer","SBR","3","Spatial","ndvi_cv + elev + BB + DD","beta[3]  elev",-2.24,1.0002,777.5,1.0014,"Traceplot_SBR_Rank3.png"
"Sambar deer","SBR","3","Spatial","ndvi_cv + elev + BB + DD","beta[5]  BB",-1.547,1.0012,1204.5,1.0024,"Traceplot_SBR_Rank3.png"
"Sambar deer","SBR","3","Spatial","ndvi_cv + elev + BB + DD","beta[6]  DD",-0.4737,1,1674.5,0.9999,"Traceplot_SBR_Rank3.png"
"Sambar deer","SBR","3","Spatial","ndvi_cv + elev + BB + DD","sigma0",3.356,1,4587.1,1.0001,"Traceplot_SBR_Rank3.png"
"Sambar deer","SBR","3","Spatial","ndvi_cv + elev + BB + DD","p",0.007927,1.0012,4285.7,1.0049,"Traceplot_SBR_Rank3.png"
"Sambar deer","SBR","3","Spatial","ndvi_cv + elev + BB + DD","muc",1.009,1.0002,3764.7,1.0025,"Traceplot_SBR_Rank3.png"
"Sambar deer","SBR","3","Spatial","ndvi_cv + elev + BB + DD","AGS",1.588,1.0002,3761.4,1.0025,"Traceplot_SBR_Rank3.png"
"Sambar deer","SBR","3","Spatial","ndvi_cv + elev + BB + DD","TOTAL_ABUND (log10 axis)",9056,1.0009,575.3,1.0044,"Traceplot_SBR_Rank3.png"
"Sambar deer","SBR","3","Spatial","ndvi_cv + elev + BB + DD","sigma_spatial",1.35,1.0002,4287.1,1.001,"Traceplot_SBR_Rank3.png"
"Sambar deer","SBR","3","Spatial","ndvi_cv + elev + BB + DD","b_spatial[216]  (worst-Rhat grid)",-0.1498,1.0124,571.1,1.0172,"Traceplot_SBR_Rank3.png"
"Wild boar","PIG","1","Spatial","slope","beta0 (intercept)",-0.2319,1.0002,1808.1,1.0005,"Traceplot_PIG_Rank1.png"
"Wild boar","PIG","1","Spatial","slope","beta[4]  slope",0.4786,1,2646.3,1,"Traceplot_PIG_Rank1.png"
"Wild boar","PIG","1","Spatial","slope","sigma0",3.281,1,4758.1,0.9999,"Traceplot_PIG_Rank1.png"
"Wild boar","PIG","1","Spatial","slope","p",0.05494,1,5641.3,1.0007,"Traceplot_PIG_Rank1.png"
"Wild boar","PIG","1","Spatial","slope","muc",1.057,1.0001,4132,1.0005,"Traceplot_PIG_Rank1.png"
"Wild boar","PIG","1","Spatial","slope","AGS",1.62,1.0001,4121.3,1.0005,"Traceplot_PIG_Rank1.png"
"Wild boar","PIG","1","Spatial","slope","TOTAL_ABUND (log10 axis)",5759,1,1897.2,1.0016,"Traceplot_PIG_Rank1.png"
"Wild boar","PIG","1","Spatial","slope","sigma_spatial",1.186,1.002,2356.2,1.0038,"Traceplot_PIG_Rank1.png"
"Wild boar","PIG","1","Spatial","slope","b_spatial[2951]  (worst-Rhat grid)",-0.04821,1.017,657.1,1.0253,"Traceplot_PIG_Rank1.png"
"Wild boar","PIG","2","Spatial","slope + BB","beta0 (intercept)",-0.36,1.0001,2155.5,1.0004,"Traceplot_PIG_Rank2.png"
"Wild boar","PIG","2","Spatial","slope + BB","beta[4]  slope",0.4632,1,2949.6,1.0002,"Traceplot_PIG_Rank2.png"
"Wild boar","PIG","2","Spatial","slope + BB","beta[5]  BB",-0.5751,1.0036,1707.7,1.0052,"Traceplot_PIG_Rank2.png"
"Wild boar","PIG","2","Spatial","slope + BB","sigma0",3.281,1.001,4837.9,1.0015,"Traceplot_PIG_Rank2.png"
"Wild boar","PIG","2","Spatial","slope + BB","p",0.05352,1.0001,5670.5,1.001,"Traceplot_PIG_Rank2.png"
"Wild boar","PIG","2","Spatial","slope + BB","muc",1.059,1.0011,4572,1.0042,"Traceplot_PIG_Rank2.png"
"Wild boar","PIG","2","Spatial","slope + BB","AGS",1.621,1.0011,4566.6,1.0043,"Traceplot_PIG_Rank2.png"
"Wild boar","PIG","2","Spatial","slope + BB","TOTAL_ABUND (log10 axis)",5657,1.0002,2448.4,1.0079,"Traceplot_PIG_Rank2.png"
"Wild boar","PIG","2","Spatial","slope + BB","sigma_spatial",1.175,1.0019,2043.8,1.0051,"Traceplot_PIG_Rank2.png"
"Wild boar","PIG","2","Spatial","slope + BB","b_spatial[412]  (worst-Rhat grid)",-0.2763,1.0171,496.2,1.0239,"Traceplot_PIG_Rank2.png"
