"Species","Species_Code","Rank","Type","Covariates","Delta_wAIC","Cluster_Density_Mean_km2","Cluster_Density_Median_km2","Cluster_Density_SD_km2","Cluster_Density_95_CI_km2","Cluster_Density_Mean_100km2","Cluster_Density_Median_100km2","Cluster_Density_95_CI_100km2","Ind_Density_Mean_km2","Ind_Density_Median_km2","Ind_Density_SD_km2","Ind_Density_95_CI_km2","Ind_Density_Mean_100km2","Ind_Density_Median_100km2","Ind_Density_95_CI_100km2","Cluster_Size_Mean","Cluster_Size_Median","Cluster_Size_SD","Cluster_Size_95_CI"
"Banteng","BTG",1,"Spatial","dist_str + ndvi_cv + slope + BB",0,0.460380602261912,0.380485817728533,0.441181532448877,"[0.203, 1.129]",46.0380602261912,38.0485817728533,"[20.3, 112.9]",0.993469891657127,0.819501947522386,0.907859117249535,"[0.432, 2.440]",99.3469891657127,81.9501947522386,"[43.2, 244.0]",2.16253967752193,2.15195578926741,0.163901732923747,"[1.87, 2.50]"
"Banteng","BTG",2,"Spatial","dist_str + ndvi_cv + elev + BB + DE",1.11,0.528453964227585,0.412339967020981,0.551435569070862,"[0.207, 1.526]",52.8453964227585,41.2339967020981,"[20.7, 152.6]",1.14182668391571,0.886884439993218,1.22050538482076,"[0.440, 3.329]",114.182668391571,88.6884439993218,"[44.0, 332.9]",2.15990392592302,2.15282962332136,0.16175658299956,"[1.87, 2.50]"
"Banteng","BTG",3,"Spatial","dist_str + ndvi_cv + elev + slope + BB",1.32,0.468476959237454,0.387560528727427,0.391743143133744,"[0.198, 1.231]",46.8476959237454,38.7560528727427,"[19.8, 123.1]",1.01359859970441,0.837231916709326,0.849742931560128,"[0.419, 2.664]",101.359859970441,83.7231916709326,"[41.9, 266.4]",2.16386659461019,2.15588952195062,0.163711982304167,"[1.86, 2.50]"
"Banteng","BTG",4,"Spatial","dist_str + ndvi_cv + elev + BB + DD",1.43,0.488919310569915,0.348083301481725,0.588867803454692,"[0.172, 1.706]",48.8919310569915,34.8083301481725,"[17.2, 170.6]",1.05742827544244,0.754234741715202,1.28507929317617,"[0.360, 3.758]",105.742827544244,75.4234741715202,"[36.0, 375.8]",2.16203252825622,2.15505657309441,0.161403500608419,"[1.86, 2.50]"
"Gaur","GAR",1,"Spatial","ndvi_cv + elev + DE",0,0.996450008109571,0.725056763629079,2.29773676153759,"[0.342, 3.117]",99.645000810957,72.5056763629079,"[34.2, 311.7]",1.62217024885739,1.17830492117463,3.70431845286506,"[0.555, 5.107]",162.217024885739,117.830492117463,"[55.5, 510.7]",1.62771633306341,1.61330383880549,0.0455097642049116,"[1.58, 1.75]"
"Gaur","GAR",2,"Spatial","ndvi_cv + elev + BB + DE",1.6,0.830152010030582,0.656752228747813,0.868341213834326,"[0.319, 2.369]",83.0152010030582,65.6752228747813,"[31.9, 236.9]",1.35313488281769,1.06752947005211,1.41518561587189,"[0.518, 3.876]",135.313488281769,106.752947005211,"[51.8, 387.6]",1.63014985185791,1.61508407618511,0.0483316841391227,"[1.58, 1.76]"
"Muntjac","MJK",1,"NoSpatial","elev + slope",0,2.69233502894636,2.67913654804931,0.244994304943486,"[2.251, 3.205]",269.233502894636,267.913654804931,"[225.1, 320.5]",4.27911990683644,4.26119094569883,0.390018686422927,"[3.581, 5.096]",427.911990683644,426.119094569883,"[358.1, 509.6]",1.58936637253484,1.58711841864309,0.00738063124411599,"[1.58, 1.61]"
"Muntjac","MJK",2,"NoSpatial","slope",0.23,2.87362558904409,2.86170767587178,0.244150534020662,"[2.416, 3.373]",287.362558904409,286.170767587178,"[241.6, 337.3]",4.56752576970436,4.54894634526288,0.388531300498487,"[3.841, 5.362]",456.752576970436,454.894634526287,"[384.1, 536.2]",1.58946871268281,1.58725500433593,0.00742293959118337,"[1.58, 1.61]"
"Muntjac","MJK",3,"NoSpatial","dist_str + elev + slope",0.5,2.80010702892199,2.78894138613089,0.267822276013524,"[2.326, 3.376]",280.010702892199,278.894138613089,"[232.6, 337.6]",4.45064925481613,4.43550047682698,0.426181474177654,"[3.691, 5.362]",445.064925481613,443.550047682698,"[369.1, 536.2]",1.58945775121553,1.58717215129348,0.00738167176711046,"[1.58, 1.61]"
"Muntjac","MJK",4,"NoSpatial","dist_str + elev + slope + BB",0.82,2.84320911299422,2.82568020372897,0.283785844866905,"[2.345, 3.464]",284.320911299422,282.568020372897,"[234.5, 346.4]",4.51882369877324,4.49062001084478,0.4513766906957,"[3.735, 5.507]",451.882369877324,449.062001084479,"[373.5, 550.7]",1.58934459057337,1.58707067715041,0.00744241042690331,"[1.58, 1.61]"
"Muntjac","MJK",5,"NoSpatial","slope + DE",0.94,2.88649848384096,2.87765961900667,0.247493078873394,"[2.434, 3.412]",288.649848384096,287.765961900667,"[243.4, 341.2]",4.5879173769485,4.57126362120662,0.394039767650305,"[3.872, 5.420]",458.79173769485,457.126362120663,"[387.2, 542.0]",1.58943794196007,1.5872606268012,0.00729128533260815,"[1.58, 1.61]"
"Muntjac","MJK",6,"NoSpatial","ndvi_cv + slope",1.67,2.78387418714429,2.76967521117545,0.248238165797462,"[2.334, 3.299]",278.387418714429,276.967521117545,"[233.4, 329.9]",4.42490020868193,4.4019078288039,0.394833285263345,"[3.703, 5.240]",442.490020868193,440.19078288039,"[370.3, 524.0]",1.58948545189671,1.58714461585461,0.00742554370900782,"[1.58, 1.61]"
"Muntjac","MJK",7,"Spatial","slope + DE",1.78,2.96709829531168,2.93559379071355,0.337134519491045,"[2.429, 3.679]",296.709829531168,293.559379071355,"[242.9, 367.9]",4.71590202639038,4.66724161164682,0.536052129267449,"[3.862, 5.843]",471.590202639038,466.724161164682,"[386.2, 584.3]",1.58940240854135,1.58699575474051,0.00755070428007247,"[1.58, 1.61]"
"Sambar deer","SBR",1,"Spatial","dist_str + ndvi_cv + elev + BB + DD",0,1.94975137236125,1.8876067170401,0.412723852562287,"[1.342, 2.928]",194.975137236125,188.76067170401,"[134.2, 292.8]",3.10043865386228,3.00160026393388,0.656019484035275,"[2.132, 4.642]",310.043865386228,300.160026393388,"[213.2, 464.2]",1.5902159788326,1.58775701453433,0.00825698601027146,"[1.58, 1.61]"
"Sambar deer","SBR",2,"Spatial","ndvi_cv + elev + BB",0.95,1.97504098689775,1.93025910300285,0.370178909413197,"[1.404, 2.852]",197.504098689775,193.025910300285,"[140.4, 285.2]",3.14162626884838,3.07000838961904,0.589317737156036,"[2.234, 4.520]",314.162626884838,307.000838961904,"[223.4, 452.0]",1.59062725409817,1.58792536659027,0.00879938825043781,"[1.58, 1.61]"
"Sambar deer","SBR",3,"Spatial","ndvi_cv + elev + BB + DD",1.5,1.94251034319335,1.89147969478197,0.380575819652232,"[1.364, 2.823]",194.251034319335,189.147969478197,"[136.4, 282.3]",3.08925692396101,3.00779632125619,0.605740656042987,"[2.170, 4.497]",308.925692396101,300.779632125619,"[217.0, 449.7]",1.59031231913088,1.58779947923214,0.00830088348490061,"[1.58, 1.61]"
"Wild boar","PIG",1,"Spatial","slope",0,1.27603599754124,1.16966224686161,0.504080166414874,"[0.673, 2.553]",127.603599754124,116.966224686161,"[67.3, 255.3]",2.0843499189234,1.91275962716629,0.825695430805764,"[1.099, 4.191]",208.43499189234,191.275962716629,"[109.9, 419.1]",1.63350543622238,1.62003320120707,0.0480783602080785,"[1.58, 1.76]"
"Wild boar","PIG",2,"Spatial","slope + BB",0.68,1.26284351679916,1.14956988803546,0.550302011383209,"[0.675, 2.500]",126.284351679916,114.956988803546,"[67.5, 250.0]",2.06400302383596,1.87867177319573,0.904368152219311,"[1.103, 4.109]",206.400302383596,187.867177319573,"[110.3, 410.9]",1.63431596029817,1.62145920830728,0.0473580770098666,"[1.58, 1.76]"
