"Species","Species_Code","Rank","Type","Covariates","Delta_wAIC","Total_Abundance_Mean","Total_Abundance_SD","Total_Abundance_95_CI","Key_Params_Max_Rhat","CAR_Spatial_Mean_Rhat","CAR_Spatial_Max_Rhat","Overall_Convergence"
"Banteng","BTG",1,"Spatial","dist_str + ndvi_cv + slope + BB",0,2991.3,2733.6,"[1301.4, 7345.7]",1.0054,"1.0011","1.0079","Fully Converged (Rhat < 1.05; CAR nodes < 1.10)"
"Banteng","BTG",2,"Spatial","dist_str + ndvi_cv + elev + BB + DE",1.11,3438,3674.9,"[1326.3, 10024.9]",1.0042,"1.0043","1.0226","Fully Converged (Rhat < 1.05; CAR nodes < 1.10)"
"Banteng","BTG",3,"Spatial","dist_str + ndvi_cv + elev + slope + BB",1.32,3051.9,2558.6,"[1262.4, 8021.5]",1.0011,"1.0017","1.0100","Fully Converged (Rhat < 1.05; CAR nodes < 1.10)"
"Banteng","BTG",4,"Spatial","dist_str + ndvi_cv + elev + BB + DD",1.43,3183.9,3869.4,"[1084.3, 11314.3]",1.0048,"1.0036","1.0197","Fully Converged (Rhat < 1.05; CAR nodes < 1.10)"
"Gaur","GAR",1,"Spatial","ndvi_cv + elev + DE",0,4884.4,11153.7,"[1669.7, 15375.8]",1.0045,"1.0022","1.0157","Fully Converged (Rhat < 1.05; CAR nodes < 1.10)"
"Gaur","GAR",2,"Spatial","ndvi_cv + elev + BB + DE",1.6,4074.3,4261.1,"[1559.9, 11670.9]",1.0097,"1.0046","1.0183","Fully Converged (Rhat < 1.05; CAR nodes < 1.10)"
"Muntjac","MJK",1,"NoSpatial","elev + slope",0,12884.4,1174.3,"[10783.1, 15344.6]",1.0012,"N/A","N/A","Fully Converged (Rhat < 1.05; CAR nodes < 1.10)"
"Muntjac","MJK",2,"NoSpatial","slope",0.23,13752.8,1169.9,"[11566.2, 16144.0]",1.0002,"N/A","N/A","Fully Converged (Rhat < 1.05; CAR nodes < 1.10)"
"Muntjac","MJK",3,"NoSpatial","dist_str + elev + slope",0.5,13400.9,1283.2,"[11113.4, 16143.6]",1.0002,"N/A","N/A","Fully Converged (Rhat < 1.05; CAR nodes < 1.10)"
"Muntjac","MJK",4,"NoSpatial","dist_str + elev + slope + BB",0.82,13606.2,1359.1,"[11246.0, 16582.2]",1.0016,"N/A","N/A","Fully Converged (Rhat < 1.05; CAR nodes < 1.10)"
"Muntjac","MJK",5,"NoSpatial","slope + DE",0.94,13814.2,1186.5,"[11659.7, 16319.9]",1.0007,"N/A","N/A","Fully Converged (Rhat < 1.05; CAR nodes < 1.10)"
"Muntjac","MJK",6,"NoSpatial","ndvi_cv + slope",1.67,13323.4,1188.8,"[11151.2, 15778.5]",1.0004,"N/A","N/A","Fully Converged (Rhat < 1.05; CAR nodes < 1.10)"
"Muntjac","MJK",7,"Spatial","slope + DE",1.78,14199.6,1614.1,"[11629.3, 17594.2]",1.0025,"1.0019","1.0152","Fully Converged (Rhat < 1.05; CAR nodes < 1.10)"
"Sambar deer","SBR",1,"Spatial","dist_str + ndvi_cv + elev + BB + DD",0,9335.4,1975.3,"[6418.4, 13976.7]",1.0065,"1.0008","1.0077","Fully Converged (Rhat < 1.05; CAR nodes < 1.10)"
"Sambar deer","SBR",2,"Spatial","ndvi_cv + elev + BB",0.95,9459.4,1774.4,"[6725.2, 13610.7]",1.0101,"1.0009","1.0076","Fully Converged (Rhat < 1.05; CAR nodes < 1.10)"
"Sambar deer","SBR",3,"Spatial","ndvi_cv + elev + BB + DD",1.5,9301.8,1823.9,"[6534.1, 13540.1]",1.0017,"1.0017","1.0124","Fully Converged (Rhat < 1.05; CAR nodes < 1.10)"
"Wild boar","PIG",1,"Spatial","slope",0,6276,2486.2,"[3309.6, 12619.3]",1.002,"1.0018","1.0170","Fully Converged (Rhat < 1.05; CAR nodes < 1.10)"
"Wild boar","PIG",2,"Spatial","slope + BB",0.68,6214.7,2723.1,"[3321.0, 12371.8]",1.0036,"1.0043","1.0171","Fully Converged (Rhat < 1.05; CAR nodes < 1.10)"
