"Species","Species_Code","Model_Rank","Model_Type","Covariates","Parameter","Mean","SD","MCSE","ESS","Rhat","Rhat_UpperCI","Median","q2.5","q97.5","CI_95"
"Muntjac","MJK",7,"Spatial","slope + DE","AGS",1.58940240854135,0.00755070428007247,0.000163824939030246,2124.3,1.0006,1.0016,1.58699575474051,1.58216313939059,1.61073311617971,"[1.5822, 1.6107]"
"Muntjac","MJK",7,"Spatial","slope + DE","beta[1]",0.0117009782518332,1.5272916377307,0.026097219821284,3425,1.0025,1.0035,0.0343333484175281,-3.0137639126923,2.99446270972375,"[-3.0138, 2.9945]"
"Muntjac","MJK",7,"Spatial","slope + DE","beta[2]",-0.00660636342499193,1.52158142558989,0.0278308261694885,2989.1,1.0001,1.0011,0.011762142211047,-3.03828057799044,2.91344320272972,"[-3.0383, 2.9134]"
"Muntjac","MJK",7,"Spatial","slope + DE","beta[3]",-0.0369176221095633,1.4829943738592,0.0270756490405312,3000,1,1.0007,-0.0612123518849685,-2.84411569757256,2.83873694716146,"[-2.8441, 2.8387]"
"Muntjac","MJK",7,"Spatial","slope + DE","beta[4]",-0.39179276158434,0.139090923321871,0.00371265081732256,1403.6,1,1.0005,-0.391875797135689,-0.664310447745129,-0.118870040292992,"[-0.6643, -0.1189]"
"Muntjac","MJK",7,"Spatial","slope + DE","beta[5]",0.00667634012020526,1.48494124747685,0.0271458423358481,2992.3,1.0005,1.0015,-0.00535659671654909,-2.92034893677857,2.92403300635265,"[-2.9203, 2.9240]"
"Muntjac","MJK",7,"Spatial","slope + DE","beta[6]",-0.00487765124440086,1.49049813334135,0.0257310822254776,3355.4,1,1.0008,-0.00759630842328665,-2.95963380879314,2.86962393914731,"[-2.9596, 2.8696]"
"Muntjac","MJK",7,"Spatial","slope + DE","beta[7]",-0.196581542989523,0.142210871037698,0.00387390448485599,1347.6,1,1.0007,-0.18690387003373,-0.493346049625671,0.0521774345302807,"[-0.4933, 0.0522]"
"Muntjac","MJK",7,"Spatial","slope + DE","beta0",0.913872881163079,0.139259852292583,0.00445129908936172,978.8,1.0006,1.0016,0.91287575371173,0.63557280596603,1.17557535888391,"[0.6356, 1.1756]"
"Muntjac","MJK",7,"Spatial","slope + DE","gs_k[1]",0.664196437143083,0.00248801296967682,5.39498276232044e-05,2126.8,1.0007,1.0017,0.664985787982871,0.657187530768576,0.666604026369213,"[0.6572, 0.6666]"
"Muntjac","MJK",7,"Spatial","slope + DE","gs_k[2]",0.335803562856918,0.00248801296967682,5.39498276232044e-05,2126.8,1.0007,1.0017,0.335014212017129,0.333395973630787,0.342812469231424,"[0.3334, 0.3428]"
"Muntjac","MJK",7,"Spatial","slope + DE","muc",1.01119991575236,0.0113607127572372,0.000246452535816259,2124.9,1.0006,1.0016,1.00758307342128,1.00028190782675,1.04327137451233,"[1.0003, 1.0433]"
"Muntjac","MJK",7,"Spatial","slope + DE","p",0.0100280018691513,0.010391806828855,0.000223030361186224,2171,1,1.0006,0.00676470286054028,0.000220658096234226,0.0369538257590906,"[0.0002, 0.0370]"
"Muntjac","MJK",7,"Spatial","slope + DE","pi[1, 1]",0.125813291214633,0.000748492922270371,1.59843045257139e-05,2192.7,1,1.001,0.125882702671064,0.12413659573796,0.127084634052896,"[0.1241, 0.1271]"
"Muntjac","MJK",7,"Spatial","slope + DE","pi[1, 2]",0.0910133954850696,0.00293164651156677,5.71952798201854e-05,2627.3,1,1.0007,0.0910741691060796,0.0852617431184832,0.0966181360445353,"[0.0853, 0.0966]"
"Muntjac","MJK",7,"Spatial","slope + DE","pi[1, 3]",0.0477303149895629,0.00413718766858514,8.07955166663492e-05,2622,1,1.0008,0.0476779114982969,0.0399135056657024,0.055839013795722,"[0.0399, 0.0558]"
"Muntjac","MJK",7,"Spatial","slope + DE","pi[1, 4]",0.018224104260844,0.00307387470897671,6.02903501176169e-05,2599.4,1,1.0008,0.0180624931820965,0.0127733215252895,0.0246225147437925,"[0.0128, 0.0246]"
"Muntjac","MJK",7,"Spatial","slope + DE","pi[1, 5]",0.00509817319495877,0.00142520306933355,2.81265881496096e-05,2567.6,1,1.0008,0.00494721054463654,0.00279461480534699,0.00826461912068224,"[0.0028, 0.0083]"
"Muntjac","MJK",7,"Spatial","slope + DE","pi[2, 1]",0.0636749244761218,0.000559255277893322,1.21307035362937e-05,2125.4,1.0004,1.0014,0.063582665681049,0.0628436837933695,0.0650850197798547,"[0.0628, 0.0651]"
"Muntjac","MJK",7,"Spatial","slope + DE","pi[2, 2]",0.0463490848938677,0.00154282379211848,3.09927698357071e-05,2478.1,1,1.0007,0.0463514406543663,0.0433452953530102,0.0494519504179382,"[0.0433, 0.0495]"
"Muntjac","MJK",7,"Spatial","slope + DE","pi[2, 3]",0.0246119896218409,0.00216959017730066,4.36039308988248e-05,2475.7,1,1.0007,0.0246103119493415,0.0205209740221538,0.0288934988549997,"[0.0205, 0.0289]"
"Muntjac","MJK",7,"Spatial","slope + DE","pi[2, 4]",0.00957629826096504,0.00164174727258534,3.30998180945037e-05,2460.1,1,1.0007,0.0094988646534834,0.00667486165623273,0.0130026860281785,"[0.0067, 0.0130]"
"Muntjac","MJK",7,"Spatial","slope + DE","pi[2, 5]",0.00274819067561412,0.000783023617336527,1.58384439627696e-05,2444.1,1,1.0008,0.00267018986950836,0.00149083117209727,0.00448597465301413,"[0.0015, 0.0045]"
"Muntjac","MJK",7,"Spatial","slope + DE","sigma[1]",34.7308739708494,1.52010118094774,0.0297421056112086,2612.2,1,1.0008,34.6819382650752,31.9590001551841,37.8357546072507,"[31.9590, 37.8358]"
"Muntjac","MJK",7,"Spatial","slope + DE","sigma[2]",35.0831950893677,1.58852340999875,0.0319604933340076,2470.4,1,1.0007,35.038788192684,32.1798226146772,38.3399667002992,"[32.1798, 38.3400]"
"Muntjac","MJK",7,"Spatial","slope + DE","sigma_spatial",0.55984695158786,0.256247836719261,0.0119778371177632,457.7,1.0014,1.0024,0.557354620599809,0.0513983202302224,1.06775039998314,"[0.0514, 1.0678]"
"Muntjac","MJK",7,"Spatial","slope + DE","sigma0",3.54667560238073,0.0436392118656358,0.000851544577033654,2626.3,1,1.0007,3.54621904030803,3.46445383339335,3.63325454460306,"[3.4645, 3.6333]"
"Muntjac","MJK",7,"Spatial","slope + DE","TOTAL_ABUND",14199.5810014614,1614.05296122429,53.2279059488226,919.5,1,1.0009,14053.0644926686,11629.321350385,17594.2419960678,"[11629.3214, 17594.2420]"
"Muntjac","MJK",7,"Spatial","slope + DE","b_spatial[3013_nodes_summary]",1.43468770716884e-19,0.342743647115699,0.0145676391796786,684.6,1.0011,1.0152,0.0019473198027893,-0.759552319327191,0.73317717370068,"[-0.7596, 0.7332]"
