"Species","Rank","Type","Covariates","Parameter","New_Mean","New_Median","New_q2.5","New_q97.5","Old_Mean","Old_Median","Old_q2.5","Old_q97.5","Pct_change_median"
"Banteng",1,"Spatial","dist_str + ndvi_cv + slope + BB","beta[1] dist_str",-1.40674446157016,-1.37677279703096,-2.66587217304565,-0.309674814545826,-1.46352902507358,-1.42402201805388,-2.72709716586662,-0.419679482957473,3.3
"Banteng",1,"Spatial","dist_str + ndvi_cv + slope + BB","beta[2] ndvi_cv",1.22484389767429,1.20995030041272,0.412753767553062,2.13972649442777,1.26397890678446,1.2574363766932,0.456646778915204,2.0673375924563,-3.8
"Banteng",1,"Spatial","dist_str + ndvi_cv + slope + BB","beta[4] slope",-0.251136138243442,-0.214071044978572,-1.21497700376045,0.510840725933735,-0.256781771877658,-0.229832771248652,-1.13290576335433,0.431705524885716,6.9
"Banteng",1,"Spatial","dist_str + ndvi_cv + slope + BB","beta[5] BB",-0.979357727507796,-0.847193191475854,-2.89870412633309,0.222405074184944,-1.01443425977345,-0.85437600862321,-3.03083778520908,0.194265706425787,0.8
"Banteng",1,"Spatial","dist_str + ndvi_cv + slope + BB","beta0",-3.80590081422238,-3.76941579933426,-5.24093422369427,-2.5915141156073,-3.83442723354976,-3.83009713564293,-4.92476226839885,-2.72130993610244,1.6
"Banteng",1,"Spatial","dist_str + ndvi_cv + slope + BB","sigma_spatial",1.40954484390608,1.43384271142364,1.18911482303517,1.49766786471416,1.4054248499911,1.42908726822473,1.16724370973995,1.49730881467834,0.3
"Banteng",1,"Spatial","dist_str + ndvi_cv + slope + BB","TOTAL_ABUND",2991.33784377961,2467.5203639899,1301.43754345319,7345.69741500608,3152.36829150256,2603.6837176476,1296.22530424919,8046.85200380605,-5.2
"Banteng",2,"Spatial","dist_str + ndvi_cv + elev + BB + DE","beta[1] dist_str",-1.18864668685722,-1.16139536391798,-2.52904797659534,-0.0177857483474909,-1.23234164473247,-1.15432685541462,-2.71331477873448,-0.027408327923198,-0.6
"Banteng",2,"Spatial","dist_str + ndvi_cv + elev + BB + DE","beta[2] ndvi_cv",1.31916329209405,1.30938871147538,0.386593073109915,2.26505357075147,1.45143911973411,1.45624789064296,0.523209992453278,2.3412267380308,-10.1
"Banteng",2,"Spatial","dist_str + ndvi_cv + elev + BB + DE","beta[3] elev",-0.238697361740922,-0.237825418488985,-1.49808084910169,1.02412332528159,-0.229588083577405,-0.192225583281628,-1.54791726306812,1.00013800747816,-23.7
"Banteng",2,"Spatial","dist_str + ndvi_cv + elev + BB + DE","beta[5] BB",-1.03165492913403,-0.904566096051562,-2.90435588435833,0.15484068318349,-1.03864591165825,-0.882763895988424,-3.01936917588112,0.170000979658781,-2.5
"Banteng",2,"Spatial","dist_str + ndvi_cv + elev + BB + DE","beta[7] DE",0.0949222387497595,0.143942656896293,-1.2705091004479,1.19861177425676,0.118761222931354,0.176420940121984,-1.32965719522438,1.2973643699384,-18.4
"Banteng",2,"Spatial","dist_str + ndvi_cv + elev + BB + DE","beta0",-3.73945861348903,-3.72144318766627,-4.98569427277456,-2.63473990716764,-3.85915396457992,-3.83171914601765,-5.16582145726936,-2.66433165257542,2.9
"Banteng",2,"Spatial","dist_str + ndvi_cv + elev + BB + DE","sigma_spatial",1.41201910645307,1.43495509640079,1.20169432996326,1.4978788933705,1.42283782549985,1.44034783294092,1.24480907069392,1.49713307792793,-0.4
"Banteng",2,"Spatial","dist_str + ndvi_cv + elev + BB + DE","TOTAL_ABUND",3438.04014527021,2670.40904881958,1326.25417787881,10024.8883920986,3426.15559891192,2774.89265419309,1387.78669635695,9128.21384559378,-3.8
"Banteng",3,"Spatial","dist_str + ndvi_cv + elev + slope + BB","beta[1] dist_str",-1.38574372870492,-1.3729552376978,-2.70025719345067,-0.165238648035303,-1.33710795502681,-1.27152019441857,-2.88176013265181,-0.122957702535417,-8
"Banteng",3,"Spatial","dist_str + ndvi_cv + elev + slope + BB","beta[2] ndvi_cv",1.21133993124651,1.20246508008918,0.332451827795246,2.12379101620196,1.22604439951313,1.23521808886372,0.284598548908349,2.14504535804465,-2.7
"Banteng",3,"Spatial","dist_str + ndvi_cv + elev + slope + BB","beta[3] elev",-0.0890585214390119,-0.0810104478326646,-1.13750561635962,0.946172564154462,-0.0773413592402579,-0.0949229656479496,-1.08115852835862,1.00508209196607,14.7
"Banteng",3,"Spatial","dist_str + ndvi_cv + elev + slope + BB","beta[4] slope",-0.252126701018589,-0.216568872897821,-1.2268045145857,0.511890953404077,-0.266575069218049,-0.235301486068419,-1.30761735098024,0.544887105782612,8
"Banteng",3,"Spatial","dist_str + ndvi_cv + elev + slope + BB","beta[5] BB",-0.99363170890586,-0.868311580473759,-2.86917137638362,0.225287212547034,-0.967504712738541,-0.848273889817698,-2.84052946284035,0.239542732215389,-2.4
"Banteng",3,"Spatial","dist_str + ndvi_cv + elev + slope + BB","beta0",-3.83869065249011,-3.80836674780241,-5.25202361010854,-2.57960304128563,-3.80027352902113,-3.75844305060507,-5.25287804743509,-2.52374747744126,-1.3
"Banteng",3,"Spatial","dist_str + ndvi_cv + elev + slope + BB","sigma_spatial",1.41290703637166,1.43424708192718,1.21106956095702,1.49791005833228,1.41498475979015,1.43551634384465,1.23051019467592,1.49730790659136,-0.1
"Banteng",3,"Spatial","dist_str + ndvi_cv + elev + slope + BB","TOTAL_ABUND",3051.94538370997,2520.90530121178,1262.44901614514,8021.50243271792,3191.81868212331,2626.13355311567,1357.88566751608,8520.51134746262,-4
"Banteng",4,"Spatial","dist_str + ndvi_cv + elev + BB + DD","beta[1] dist_str",-1.27773171446706,-1.25220884021458,-2.5894810871654,-0.0765190583531809,-1.36248201180839,-1.33452832842707,-2.69911943354998,-0.252656909220941,6.2
"Banteng",4,"Spatial","dist_str + ndvi_cv + elev + BB + DD","beta[2] ndvi_cv",1.24793011501644,1.24793053697997,0.316241879498653,2.19490335193561,1.03800201466229,1.02346616552668,0.253761111613074,1.92327306991697,21.9
"Banteng",4,"Spatial","dist_str + ndvi_cv + elev + BB + DD","beta[3] elev",-0.129802684803352,-0.121827513610617,-1.15769319987597,0.865164408652847,-0.0939173270071019,-0.0954782486925863,-1.04648421099939,0.816286466948667,-27.6
"Banteng",4,"Spatial","dist_str + ndvi_cv + elev + BB + DD","beta[5] BB",-1.05573744730823,-0.92397853767782,-2.93231064368798,0.132376070022489,-1.10720955801902,-0.963072740276255,-2.96286177724566,0.069207167222673,4.1
"Banteng",4,"Spatial","dist_str + ndvi_cv + elev + BB + DD","beta[6] DD",-0.251403453065086,-0.175671331631457,-1.28708268878055,0.371988625495644,-0.150873372085376,-0.0772536962324844,-1.21592780228688,0.470061581229891,-127.4
"Banteng",4,"Spatial","dist_str + ndvi_cv + elev + BB + DD","beta0",-3.67730957471519,-3.65316451522348,-4.91990951666695,-2.5644045562435,-3.49403568749522,-3.49910177677056,-4.56259323266436,-2.43567372411643,-4.4
"Banteng",4,"Spatial","dist_str + ndvi_cv + elev + BB + DD","sigma_spatial",1.41607182054947,1.43860596234862,1.21270557075979,1.4977836413033,1.39248660260873,1.41953596811797,1.18687882932391,1.49750184511286,1.3
"Banteng",4,"Spatial","dist_str + ndvi_cv + elev + BB + DD","TOTAL_ABUND",3183.91653735718,2271.00080730447,1084.31436302953,11314.3370095258,3385.01664798469,2301.1009198899,1141.79406967226,12269.183424925,-1.3
"Gaur",1,"Spatial","ndvi_cv + elev + DE","beta[2] ndvi_cv",1.06969523542096,1.0578409357473,0.101080766376105,2.05983607242659,1.00719420926962,0.999637249660898,0.309205655685949,1.7605449947404,5.8
"Gaur",1,"Spatial","ndvi_cv + elev + DE","beta[3] elev",-0.390454456575795,-0.392313868631805,-1.41536979343352,0.644603490530008,-0.706401511264406,-0.701279663427866,-1.56994723306404,0.112102221422294,44.1
"Gaur",1,"Spatial","ndvi_cv + elev + DE","beta[7] DE",1.051167594127,1.06198295438229,0.22732301997514,1.85330477753305,0.97046738328319,0.980440871647308,0.292333146322561,1.58664688781391,8.3
"Gaur",1,"Spatial","ndvi_cv + elev + DE","beta0",-1.81220015769043,-1.79598774893554,-2.95182270653249,-0.852803716521236,-1.72230928898262,-1.70322764262572,-2.65057610110663,-0.879076653837767,-5.4
"Gaur",1,"Spatial","ndvi_cv + elev + DE","sigma_spatial",1.26929590451933,1.33019120211878,0.706337216934387,1.49366886909688,0.177210400822657,0.184169427176908,0.105661849511693,0.255975781198446,622.3
"Gaur",1,"Spatial","ndvi_cv + elev + DE","TOTAL_ABUND",4884.3546193096,3547.87611765681,1669.67996569935,15375.8189596682,3159.7845560968,2812.04914211617,1611.48194382276,6347.12280206344,26.2
"Gaur",2,"Spatial","ndvi_cv + elev + BB + DE","beta[2] ndvi_cv",1.03295286697937,1.02314343273542,0.139652464181714,2.00615024313467,1.1263203217206,1.12265044040132,0.212038995734627,2.09871555960683,-8.9
"Gaur",2,"Spatial","ndvi_cv + elev + BB + DE","beta[3] elev",-0.442601614227274,-0.441450799505162,-1.45098532334525,0.56224457782834,-0.633132638354397,-0.622489782094388,-1.64949729361778,0.300431358534301,29.1
"Gaur",2,"Spatial","ndvi_cv + elev + BB + DE","beta[5] BB",-1.26631853854314,-1.12609193285642,-3.2463427493645,0.0362958535435107,-1.22115438583209,-1.1031897654894,-3.09001884214778,0.0434558046872516,-2.1
"Gaur",2,"Spatial","ndvi_cv + elev + BB + DE","beta[7] DE",1.03866651465513,1.03917360777483,0.236859908511473,1.81919024935947,1.09344703064662,1.09999777934563,0.328049598432077,1.86859793697805,-5.5
"Gaur",2,"Spatial","ndvi_cv + elev + BB + DE","beta0",-2.04402637281369,-2.02232399544424,-3.18275378770081,-1.00416301137449,-2.15365485589909,-2.12892368551447,-3.31961822461895,-1.10555878252665,5
"Gaur",2,"Spatial","ndvi_cv + elev + BB + DE","sigma_spatial",1.25323907367023,1.31692161409905,0.647282061387804,1.49285771518842,1.01995882085962,1.0893014254912,0.504638232514974,1.49111275730616,20.9
"Gaur",2,"Spatial","ndvi_cv + elev + BB + DE","TOTAL_ABUND",4074.28913216408,3214.33123432691,1559.85089675324,11670.8875038425,3689.81942827403,2928.50828818753,1468.71929692193,10840.4694559182,9.8
"Muntjac",1,"NoSpatial","elev + slope","beta[3] elev",-0.18133514462448,-0.180567491384503,-0.386173561062032,0.0229456967534775,-0.53695916264639,-0.542849395143682,-0.927291962044722,-0.112061704666965,66.7
"Muntjac",1,"NoSpatial","elev + slope","beta[4] slope",-0.43153118953121,-0.430401874666128,-0.661477747811284,-0.204326136199665,-0.29146653352668,-0.288163028838616,-0.552930609913452,-0.0507526766040155,-49.4
"Muntjac",1,"NoSpatial","elev + slope","beta0",0.855919525176691,0.859867670931744,0.603854607381021,1.10235502097346,0.533691392716703,0.542051450108988,0.0128090263443092,1.00326872959486,58.6
"Muntjac",1,"NoSpatial","elev + slope","TOTAL_ABUND",12884.4300394845,12830.4459374992,10783.1456156417,15344.5526049464,14123.6414913,14004.291004809,11516.9119898892,17387.2968812352,-8.4
"Muntjac",2,"NoSpatial","slope","beta[4] slope",-0.495326333741828,-0.493177266190712,-0.716482836319017,-0.279833041273123,-0.29146653352668,-0.288163028838616,-0.552930609913452,-0.0507526766040155,-71.1
"Muntjac",2,"NoSpatial","slope","beta0",0.943395878764561,0.94684429987641,0.7052435497725,1.16183997019647,0.533691392716703,0.542051450108988,0.0128090263443092,1.00326872959486,74.7
"Muntjac",2,"NoSpatial","slope","TOTAL_ABUND",13752.8200925798,13696.8774455865,11566.1635529381,16144.0154982141,14123.6414913,14004.291004809,11516.9119898892,17387.2968812352,-2.2
"Muntjac",3,"NoSpatial","dist_str + elev + slope","beta[1] dist_str",0.187762321907495,0.187788562264849,-0.0471336449718457,0.41331345591747,0.323203101468336,0.329737376709393,0.0238095868655917,0.586635360291552,-43
"Muntjac",3,"NoSpatial","dist_str + elev + slope","beta[3] elev",-0.294304630822866,-0.295516704719852,-0.539375975876309,-0.0488348662591891,-0.53695916264639,-0.542849395143682,-0.927291962044722,-0.112061704666965,45.6
"Muntjac",3,"NoSpatial","dist_str + elev + slope","beta[4] slope",-0.412877670236852,-0.410645273973791,-0.643650844782273,-0.195469049166485,-0.29146653352668,-0.288163028838616,-0.552930609913452,-0.0507526766040155,-42.5
"Muntjac",3,"NoSpatial","dist_str + elev + slope","beta0",0.877168363505508,0.880374931607762,0.626375364202459,1.11786277260888,0.533691392716703,0.542051450108988,0.0128090263443092,1.00326872959486,62.4
"Muntjac",3,"NoSpatial","dist_str + elev + slope","TOTAL_ABUND",13400.9049062514,13355.291935726,11113.3740779073,16143.5633560391,14123.6414913,14004.291004809,11516.9119898892,17387.2968812352,-4.6
"Muntjac",4,"NoSpatial","dist_str + elev + slope + BB","beta[1] dist_str",0.308139830295464,0.308991189125296,0.0421757558833731,0.566703167194221,0.323203101468336,0.329737376709393,0.0238095868655917,0.586635360291552,-6.3
"Muntjac",4,"NoSpatial","dist_str + elev + slope + BB","beta[3] elev",-0.453760036159662,-0.4571593480104,-0.752519340369864,-0.136321567324644,-0.53695916264639,-0.542849395143682,-0.927291962044722,-0.112061704666965,15.8
"Muntjac",4,"NoSpatial","dist_str + elev + slope + BB","beta[4] slope",-0.357295119059731,-0.353856202282523,-0.605435630617902,-0.126300568241246,-0.29146653352668,-0.288163028838616,-0.552930609913452,-0.0507526766040155,-22.8
"Muntjac",4,"NoSpatial","dist_str + elev + slope + BB","beta[5] BB",-1.58361175574543,-1.56238133415166,-3.78352371318598,0.193077209275811,-1.67620154098758,-1.67514716747484,-3.80512316511421,0.177155311802917,6.7
"Muntjac",4,"NoSpatial","dist_str + elev + slope + BB","beta0",0.53355295706976,0.544005544287661,-0.0218583337157688,0.993567356649922,0.533691392716703,0.542051450108988,0.0128090263443092,1.00326872959486,0.4
"Muntjac",4,"NoSpatial","dist_str + elev + slope + BB","TOTAL_ABUND",13606.1781570062,13521.2568526536,11246.014689933,16582.2424660149,14123.6414913,14004.291004809,11516.9119898892,17387.2968812352,-3.4
"Muntjac",5,"NoSpatial","slope + DE","beta[4] slope",-0.431678094139375,-0.429079327910261,-0.66871186119662,-0.217702083114957,-0.29146653352668,-0.288163028838616,-0.552930609913452,-0.0507526766040155,-48.9
"Muntjac",5,"NoSpatial","slope + DE","beta[7] DE",-0.18623246934682,-0.18116751488721,-0.426957152910344,0.0277286745554307,-0.107017835387122,-0.10233153053454,-0.368148935996202,0.124828955463381,-77
"Muntjac",5,"NoSpatial","slope + DE","beta0",0.944463211212559,0.946867969860281,0.70739629335847,1.16414046329457,0.533691392716703,0.542051450108988,0.0128090263443092,1.00326872959486,74.7
"Muntjac",5,"NoSpatial","slope + DE","TOTAL_ABUND",13814.2192219919,13764.0747634531,11659.6843734425,16319.8801011476,14123.6414913,14004.291004809,11516.9119898892,17387.2968812352,-1.7
"Muntjac",6,"NoSpatial","ndvi_cv + slope","beta[2] ndvi_cv",0.0956317016005188,0.0935069262637699,-0.0662876718319951,0.26118217781987,-0.12874079467275,-0.12737492793367,-0.365156491456049,0.106957938775727,173.4
"Muntjac",6,"NoSpatial","ndvi_cv + slope","beta[4] slope",-0.495512798181371,-0.492570534994595,-0.722272694423008,-0.279787933341929,-0.29146653352668,-0.288163028838616,-0.552930609913452,-0.0507526766040155,-70.9
"Muntjac",6,"NoSpatial","ndvi_cv + slope","beta0",0.897414191820896,0.900853270067055,0.646795383519097,1.13183859951485,0.533691392716703,0.542051450108988,0.0128090263443092,1.00326872959486,66.2
"Muntjac",6,"NoSpatial","ndvi_cv + slope","TOTAL_ABUND",13323.3745283413,13254.1444725286,11151.2349343954,15778.5234342251,14123.6414913,14004.291004809,11516.9119898892,17387.2968812352,-5.4
"Muntjac",7,"Spatial","slope + DE","beta[4] slope",-0.39179276158434,-0.391875797135689,-0.664310447745129,-0.118870040292992,-0.386121982245635,-0.384479681992785,-0.660343584330276,-0.110327967339589,-1.9
"Muntjac",7,"Spatial","slope + DE","beta[7] DE",-0.196581542989523,-0.18690387003373,-0.493346049625671,0.0521774345302807,-0.183114726101491,-0.178589308664567,-0.464968479058685,0.0650867919858013,-4.7
"Muntjac",7,"Spatial","slope + DE","beta0",0.913872881163079,0.91287575371173,0.63557280596603,1.17557535888391,0.93508240139369,0.933959925673001,0.68376044782642,1.18842548460393,-2.3
"Muntjac",7,"Spatial","slope + DE","sigma_spatial",0.55984695158786,0.557354620599809,0.0513983202302224,1.06775039998314,0.521674742158501,0.497009376027795,0.254493819372707,0.867919380982383,12.1
"Muntjac",7,"Spatial","slope + DE","TOTAL_ABUND",14199.5810014614,14053.0644926686,11629.321350385,17594.2419960678,14216.0253352876,14095.9234672661,11752.3827958235,17451.7824511152,-0.3
"Sambar deer",1,"Spatial","dist_str + ndvi_cv + elev + BB + DD","beta[1] dist_str",-0.0685057760192545,-0.0633004439529958,-0.708644143252097,0.584401656951482,-0.164738892113286,-0.155537993617944,-0.836613647333422,0.434273191581965,59.3
"Sambar deer",1,"Spatial","dist_str + ndvi_cv + elev + BB + DD","beta[2] ndvi_cv",-1.23909231389496,-1.23873676763538,-1.90459760831379,-0.593622030539952,-1.32358311554547,-1.32045238078235,-1.9658174086221,-0.695317067208596,6.2
"Sambar deer",1,"Spatial","dist_str + ndvi_cv + elev + BB + DD","beta[3] elev",-2.2377153550239,-2.23927124333032,-3.04143060793744,-1.46861988105195,-2.18235560540225,-2.16764554424725,-2.99562051562305,-1.52970588933249,-3.3
"Sambar deer",1,"Spatial","dist_str + ndvi_cv + elev + BB + DD","beta[5] BB",-1.54691909524851,-1.46474828787366,-3.57687090598858,0.00193622850427884,-1.71874806465606,-1.66473300527281,-3.68250163354183,-0.100672302912009,12
"Sambar deer",1,"Spatial","dist_str + ndvi_cv + elev + BB + DD","beta[6] DD",-0.584672945078837,-0.484483130714939,-1.99515026339258,0.237217343631726,-0.521946557663201,-0.403878627106704,-1.97467699968325,0.313467192810039,-20
"Sambar deer",1,"Spatial","dist_str + ndvi_cv + elev + BB + DD","beta0",-1.03425500231896,-1.01694047010045,-1.77853058240173,-0.358960168475718,-1.0072612629608,-0.98800242502812,-1.71579242931556,-0.388151444212623,-2.9
"Sambar deer",1,"Spatial","dist_str + ndvi_cv + elev + BB + DD","sigma_spatial",1.33097522882499,1.36003074757728,1.00823082359362,1.49405406814077,1.30250016882163,1.31293581510215,1.04854561158407,1.49120621357664,3.6
"Sambar deer",1,"Spatial","dist_str + ndvi_cv + elev + BB + DD","TOTAL_ABUND",9335.42078677933,9037.81839470491,6418.44255189035,13976.7456169514,9530.5330960122,9262.15725144537,6498.69638334035,13826.1959125934,-2.4
"Sambar deer",2,"Spatial","ndvi_cv + elev + BB","beta[2] ndvi_cv",-1.32235221640882,-1.31539931930972,-1.94205630415269,-0.745318452144298,-1.34563416842492,-1.33635320272568,-1.92045488003575,-0.801142942228255,1.6
"Sambar deer",2,"Spatial","ndvi_cv + elev + BB","beta[3] elev",-2.33398769895779,-2.33718440229806,-2.99544152094409,-1.67492597651964,-2.41753050406982,-2.41053314200092,-3.0675433262793,-1.86151284270436,3
"Sambar deer",2,"Spatial","ndvi_cv + elev + BB","beta[5] BB",-1.62236728177561,-1.53781675421262,-3.58570737832023,-0.0910818649159483,-1.68524627348955,-1.58024622611102,-3.88346074106868,0.0163361113509492,2.7
"Sambar deer",2,"Spatial","ndvi_cv + elev + BB","beta0",-0.934314098145581,-0.922010259640105,-1.63994734753558,-0.2556664540804,-0.986176991146658,-0.969763619428206,-1.80965071931632,-0.341081733273815,4.9
"Sambar deer",2,"Spatial","ndvi_cv + elev + BB","sigma_spatial",1.31017540116161,1.34375176769588,0.956399945026821,1.49283647759572,1.29123369025448,1.33581131529151,0.901200639217411,1.49293736897567,0.6
"Sambar deer",2,"Spatial","ndvi_cv + elev + BB","TOTAL_ABUND",9459.43669550247,9243.79526114293,6725.18565361101,13610.6972588943,9306.45217108999,9116.97070649614,6811.8425476518,12804.8712175167,1.4
"Sambar deer",3,"Spatial","ndvi_cv + elev + BB + DD","beta[2] ndvi_cv",-1.24524228735622,-1.2447507751403,-1.87630615317894,-0.637847970101632,-1.18096139748574,-1.18573466044584,-1.86279141082332,-0.473499642950855,-5
"Sambar deer",3,"Spatial","ndvi_cv + elev + BB + DD","beta[3] elev",-2.23770783528232,-2.24042613753369,-2.8835937925897,-1.60115944585377,-2.37282162479594,-2.35578249422693,-3.08755500732986,-1.69304155180294,4.9
"Sambar deer",3,"Spatial","ndvi_cv + elev + BB + DD","beta[5] BB",-1.64891339172946,-1.54713224506108,-3.76097553263382,-0.0793472446805083,-1.69361226014466,-1.59842663465126,-3.73902115371302,-0.152254835911624,3.2
"Sambar deer",3,"Spatial","ndvi_cv + elev + BB + DD","beta[6] DD",-0.573988601830146,-0.473736667085969,-1.97428868934432,0.232460825957366,-0.563626325420979,-0.442547504595578,-1.96121235904819,0.203930981703587,-7
"Sambar deer",3,"Spatial","ndvi_cv + elev + BB + DD","beta0",-1.00159749274359,-0.991313775438551,-1.74985130603972,-0.324581835528086,-1.1568500479879,-1.11678464977225,-2.05416557887309,-0.503370941173123,11.2
"Sambar deer",3,"Spatial","ndvi_cv + elev + BB + DD","sigma_spatial",1.31927409066404,1.35030617014167,0.974413722420739,1.4944163226182,1.36468960031521,1.37950198203981,1.17333135754427,1.49396615488226,-2.1
"Sambar deer",3,"Spatial","ndvi_cv + elev + BB + DD","TOTAL_ABUND",9301.75259804661,9056.47472330238,6534.07732533584,13540.0684835439,8869.83358616008,8705.98425467422,6240.87746931201,12550.8394704123,4
"Wild boar",1,"Spatial","slope","beta[4] slope",0.477161836762231,0.478579410058074,-0.0195647339698003,0.958833004538448,0.480708291440326,0.481761569349418,0.0421343816736721,0.902044741501297,-0.7
"Wild boar",1,"Spatial","slope","beta0",-0.236488592190893,-0.231931330302922,-0.728865935072885,0.212736979921273,0.018567488601043,0.0209784899549277,-0.347402418022875,0.366730437463904,-1205.6
"Wild boar",1,"Spatial","slope","sigma_spatial",1.14570560339117,1.18627124760295,0.559321424879154,1.4820538096769,0.349099547379666,0.304235167720016,0.218035990936278,0.58897913961181,289.9
"Wild boar",1,"Spatial","slope","TOTAL_ABUND",6275.97760587836,5759.31923739769,3309.5744775437,12619.3491508242,6395.11646374701,6004.47460052125,3733.2104418698,11567.42269876,-4.1
"Wild boar",2,"Spatial","slope + BB","beta[4] slope",0.461363152208728,0.463223136519346,-0.0348584376623091,0.940556264167168,0.443883053476825,0.451560953081791,-0.04660793471049,0.909005903417621,2.6
"Wild boar",2,"Spatial","slope + BB","beta[5] BB",-0.791535970281516,-0.575089843314024,-3.06471879433968,0.447617983705569,-0.678042500537869,-0.376780243828437,-3.21812511329892,0.55174663028092,-52.6
"Wild boar",2,"Spatial","slope + BB","beta0",-0.377767923538332,-0.360037430807635,-1.01366858009195,0.158746363064006,-0.399835644944267,-0.376773252181266,-1.06286175514353,0.123506755142014,4.4
"Wild boar",2,"Spatial","slope + BB","sigma_spatial",1.11993288664011,1.17474145209111,0.447407327437769,1.48226483074424,1.14538605872603,1.16473108556636,0.779508096116559,1.46884834423851,0.9
"Wild boar",2,"Spatial","slope + BB","TOTAL_ABUND",6214.71310477008,5656.68070909236,3320.95260548122,12371.7804715176,6313.29017943128,5685.27572740993,3361.88672701852,12955.7373099398,-0.5
